source_family,source_file,source_locator,source_column,source_type,element_count,target_table,target_identifier,target_type,column_origin
master_catalog,/mnt/nvme01/cosmos-web-dr1-catalog/COSMOSWeb_mastercatalog_v1.1_photom_primary.fits,HDU 1 [PHOTOMETRY HOTCOLD AND SE++],id,K,1,photometry_primary,id,bigint,source_native
master_catalog,/mnt/nvme01/cosmos-web-dr1-catalog/COSMOSWeb_mastercatalog_v1.1_photom_primary.fits,HDU 1 [PHOTOMETRY HOTCOLD AND SE++],segment-id,K,1,photometry_primary,segment_id,bigint,source_native
master_catalog,/mnt/nvme01/cosmos-web-dr1-catalog/COSMOSWeb_mastercatalog_v1.1_photom_primary.fits,HDU 1 [PHOTOMETRY HOTCOLD AND SE++],tile,3A,3,photometry_primary,tile,text,source_native
master_catalog,/mnt/nvme01/cosmos-web-dr1-catalog/COSMOSWeb_mastercatalog_v1.1_photom_primary.fits,HDU 1 [PHOTOMETRY HOTCOLD AND SE++],id_specz_khostovan25,K,1,photometry_primary,id_specz_khostovan25,bigint,source_native
master_catalog,/mnt/nvme01/cosmos-web-dr1-catalog/COSMOSWeb_mastercatalog_v1.1_photom_primary.fits,HDU 1 [PHOTOMETRY HOTCOLD AND SE++],ra,D,1,photometry_primary,ra,double precision,source_native
master_catalog,/mnt/nvme01/cosmos-web-dr1-catalog/COSMOSWeb_mastercatalog_v1.1_photom_primary.fits,HDU 1 [PHOTOMETRY HOTCOLD AND SE++],dec,D,1,photometry_primary,dec,double precision,source_native
master_catalog,/mnt/nvme01/cosmos-web-dr1-catalog/COSMOSWeb_mastercatalog_v1.1_photom_primary.fits,HDU 1 [PHOTOMETRY HOTCOLD AND SE++],x_image,D,1,photometry_primary,x_image,double precision,source_native
master_catalog,/mnt/nvme01/cosmos-web-dr1-catalog/COSMOSWeb_mastercatalog_v1.1_photom_primary.fits,HDU 1 [PHOTOMETRY HOTCOLD AND SE++],y_image,D,1,photometry_primary,y_image,double precision,source_native
master_catalog,/mnt/nvme01/cosmos-web-dr1-catalog/COSMOSWeb_mastercatalog_v1.1_photom_primary.fits,HDU 1 [PHOTOMETRY HOTCOLD AND SE++],a_image,D,1,photometry_primary,a_image,double precision,source_native
master_catalog,/mnt/nvme01/cosmos-web-dr1-catalog/COSMOSWeb_mastercatalog_v1.1_photom_primary.fits,HDU 1 [PHOTOMETRY HOTCOLD AND SE++],b_image,D,1,photometry_primary,b_image,double precision,source_native
master_catalog,/mnt/nvme01/cosmos-web-dr1-catalog/COSMOSWeb_mastercatalog_v1.1_photom_primary.fits,HDU 1 [PHOTOMETRY HOTCOLD AND SE++],theta_image,D,1,photometry_primary,theta_image,double precision,source_native
master_catalog,/mnt/nvme01/cosmos-web-dr1-catalog/COSMOSWeb_mastercatalog_v1.1_photom_primary.fits,HDU 1 [PHOTOMETRY HOTCOLD AND SE++],theta_world,D,1,photometry_primary,theta_world,double precision,source_native
master_catalog,/mnt/nvme01/cosmos-web-dr1-catalog/COSMOSWeb_mastercatalog_v1.1_photom_primary.fits,HDU 1 [PHOTOMETRY HOTCOLD AND SE++],chi2_max,D,1,photometry_primary,chi2_max,double precision,source_native
master_catalog,/mnt/nvme01/cosmos-web-dr1-catalog/COSMOSWeb_mastercatalog_v1.1_photom_primary.fits,HDU 1 [PHOTOMETRY HOTCOLD AND SE++],mode,4A,4,photometry_primary,mode,text,source_native
master_catalog,/mnt/nvme01/cosmos-web-dr1-catalog/COSMOSWeb_mastercatalog_v1.1_photom_primary.fits,HDU 1 [PHOTOMETRY HOTCOLD AND SE++],snr_hst-f814w,D,1,photometry_primary,snr_hst_f814w,double precision,source_native
master_catalog,/mnt/nvme01/cosmos-web-dr1-catalog/COSMOSWeb_mastercatalog_v1.1_photom_primary.fits,HDU 1 [PHOTOMETRY HOTCOLD AND SE++],wht_hst-f814w,D,1,photometry_primary,wht_hst_f814w,double precision,source_native
master_catalog,/mnt/nvme01/cosmos-web-dr1-catalog/COSMOSWeb_mastercatalog_v1.1_photom_primary.fits,HDU 1 [PHOTOMETRY HOTCOLD AND SE++],flux_auto_hst-f814w,D,1,photometry_primary,flux_auto_hst_f814w,double precision,source_native
master_catalog,/mnt/nvme01/cosmos-web-dr1-catalog/COSMOSWeb_mastercatalog_v1.1_photom_primary.fits,HDU 1 [PHOTOMETRY HOTCOLD AND SE++],flux_err_auto_hst-f814w,D,1,photometry_primary,flux_err_auto_hst_f814w,double precision,source_native
master_catalog,/mnt/nvme01/cosmos-web-dr1-catalog/COSMOSWeb_mastercatalog_v1.1_photom_primary.fits,HDU 1 [PHOTOMETRY HOTCOLD AND SE++],mag_auto_hst-f814w,D,1,photometry_primary,mag_auto_hst_f814w,double precision,source_native
master_catalog,/mnt/nvme01/cosmos-web-dr1-catalog/COSMOSWeb_mastercatalog_v1.1_photom_primary.fits,HDU 1 [PHOTOMETRY HOTCOLD AND SE++],flux_aper_hst-f814w,5D,5,photometry_primary,flux_aper_hst_f814w,double precision[],source_native
master_catalog,/mnt/nvme01/cosmos-web-dr1-catalog/COSMOSWeb_mastercatalog_v1.1_photom_primary.fits,HDU 1 [PHOTOMETRY HOTCOLD AND SE++],flux_err_aper_hst-f814w,5D,5,photometry_primary,flux_err_aper_hst_f814w,double precision[],source_native
master_catalog,/mnt/nvme01/cosmos-web-dr1-catalog/COSMOSWeb_mastercatalog_v1.1_photom_primary.fits,HDU 1 [PHOTOMETRY HOTCOLD AND SE++],mag_aper_hst-f814w,5D,5,photometry_primary,mag_aper_hst_f814w,double precision[],source_native
master_catalog,/mnt/nvme01/cosmos-web-dr1-catalog/COSMOSWeb_mastercatalog_v1.1_photom_primary.fits,HDU 1 [PHOTOMETRY HOTCOLD AND SE++],snr_f115w,D,1,photometry_primary,snr_f115w,double precision,source_native
master_catalog,/mnt/nvme01/cosmos-web-dr1-catalog/COSMOSWeb_mastercatalog_v1.1_photom_primary.fits,HDU 1 [PHOTOMETRY HOTCOLD AND SE++],wht_f115w,D,1,photometry_primary,wht_f115w,double precision,source_native
master_catalog,/mnt/nvme01/cosmos-web-dr1-catalog/COSMOSWeb_mastercatalog_v1.1_photom_primary.fits,HDU 1 [PHOTOMETRY HOTCOLD AND SE++],flux_auto_f115w,D,1,photometry_primary,flux_auto_f115w,double precision,source_native
master_catalog,/mnt/nvme01/cosmos-web-dr1-catalog/COSMOSWeb_mastercatalog_v1.1_photom_primary.fits,HDU 1 [PHOTOMETRY HOTCOLD AND SE++],flux_err_auto_f115w,D,1,photometry_primary,flux_err_auto_f115w,double precision,source_native
master_catalog,/mnt/nvme01/cosmos-web-dr1-catalog/COSMOSWeb_mastercatalog_v1.1_photom_primary.fits,HDU 1 [PHOTOMETRY HOTCOLD AND SE++],mag_auto_f115w,D,1,photometry_primary,mag_auto_f115w,double precision,source_native
master_catalog,/mnt/nvme01/cosmos-web-dr1-catalog/COSMOSWeb_mastercatalog_v1.1_photom_primary.fits,HDU 1 [PHOTOMETRY HOTCOLD AND SE++],flux_aper_f115w,5D,5,photometry_primary,flux_aper_f115w,double precision[],source_native
master_catalog,/mnt/nvme01/cosmos-web-dr1-catalog/COSMOSWeb_mastercatalog_v1.1_photom_primary.fits,HDU 1 [PHOTOMETRY HOTCOLD AND SE++],flux_err_aper_f115w,5D,5,photometry_primary,flux_err_aper_f115w,double precision[],source_native
master_catalog,/mnt/nvme01/cosmos-web-dr1-catalog/COSMOSWeb_mastercatalog_v1.1_photom_primary.fits,HDU 1 [PHOTOMETRY HOTCOLD AND SE++],mag_aper_f115w,5D,5,photometry_primary,mag_aper_f115w,double precision[],source_native
master_catalog,/mnt/nvme01/cosmos-web-dr1-catalog/COSMOSWeb_mastercatalog_v1.1_photom_primary.fits,HDU 1 [PHOTOMETRY HOTCOLD AND SE++],snr_f150w,D,1,photometry_primary,snr_f150w,double precision,source_native
master_catalog,/mnt/nvme01/cosmos-web-dr1-catalog/COSMOSWeb_mastercatalog_v1.1_photom_primary.fits,HDU 1 [PHOTOMETRY HOTCOLD AND SE++],wht_f150w,D,1,photometry_primary,wht_f150w,double precision,source_native
master_catalog,/mnt/nvme01/cosmos-web-dr1-catalog/COSMOSWeb_mastercatalog_v1.1_photom_primary.fits,HDU 1 [PHOTOMETRY HOTCOLD AND SE++],flux_auto_f150w,D,1,photometry_primary,flux_auto_f150w,double precision,source_native
master_catalog,/mnt/nvme01/cosmos-web-dr1-catalog/COSMOSWeb_mastercatalog_v1.1_photom_primary.fits,HDU 1 [PHOTOMETRY HOTCOLD AND SE++],flux_err_auto_f150w,D,1,photometry_primary,flux_err_auto_f150w,double precision,source_native
master_catalog,/mnt/nvme01/cosmos-web-dr1-catalog/COSMOSWeb_mastercatalog_v1.1_photom_primary.fits,HDU 1 [PHOTOMETRY HOTCOLD AND SE++],mag_auto_f150w,D,1,photometry_primary,mag_auto_f150w,double precision,source_native
master_catalog,/mnt/nvme01/cosmos-web-dr1-catalog/COSMOSWeb_mastercatalog_v1.1_photom_primary.fits,HDU 1 [PHOTOMETRY HOTCOLD AND SE++],flux_aper_f150w,5D,5,photometry_primary,flux_aper_f150w,double precision[],source_native
master_catalog,/mnt/nvme01/cosmos-web-dr1-catalog/COSMOSWeb_mastercatalog_v1.1_photom_primary.fits,HDU 1 [PHOTOMETRY HOTCOLD AND SE++],flux_err_aper_f150w,5D,5,photometry_primary,flux_err_aper_f150w,double precision[],source_native
master_catalog,/mnt/nvme01/cosmos-web-dr1-catalog/COSMOSWeb_mastercatalog_v1.1_photom_primary.fits,HDU 1 [PHOTOMETRY HOTCOLD AND SE++],mag_aper_f150w,5D,5,photometry_primary,mag_aper_f150w,double precision[],source_native
master_catalog,/mnt/nvme01/cosmos-web-dr1-catalog/COSMOSWeb_mastercatalog_v1.1_photom_primary.fits,HDU 1 [PHOTOMETRY HOTCOLD AND SE++],snr_f277w,D,1,photometry_primary,snr_f277w,double precision,source_native
master_catalog,/mnt/nvme01/cosmos-web-dr1-catalog/COSMOSWeb_mastercatalog_v1.1_photom_primary.fits,HDU 1 [PHOTOMETRY HOTCOLD AND SE++],wht_f277w,D,1,photometry_primary,wht_f277w,double precision,source_native
master_catalog,/mnt/nvme01/cosmos-web-dr1-catalog/COSMOSWeb_mastercatalog_v1.1_photom_primary.fits,HDU 1 [PHOTOMETRY HOTCOLD AND SE++],flux_auto_f277w,D,1,photometry_primary,flux_auto_f277w,double precision,source_native
master_catalog,/mnt/nvme01/cosmos-web-dr1-catalog/COSMOSWeb_mastercatalog_v1.1_photom_primary.fits,HDU 1 [PHOTOMETRY HOTCOLD AND SE++],flux_err_auto_f277w,D,1,photometry_primary,flux_err_auto_f277w,double precision,source_native
master_catalog,/mnt/nvme01/cosmos-web-dr1-catalog/COSMOSWeb_mastercatalog_v1.1_photom_primary.fits,HDU 1 [PHOTOMETRY HOTCOLD AND SE++],mag_auto_f277w,D,1,photometry_primary,mag_auto_f277w,double precision,source_native
master_catalog,/mnt/nvme01/cosmos-web-dr1-catalog/COSMOSWeb_mastercatalog_v1.1_photom_primary.fits,HDU 1 [PHOTOMETRY HOTCOLD AND SE++],flux_aper_f277w,5D,5,photometry_primary,flux_aper_f277w,double precision[],source_native
master_catalog,/mnt/nvme01/cosmos-web-dr1-catalog/COSMOSWeb_mastercatalog_v1.1_photom_primary.fits,HDU 1 [PHOTOMETRY HOTCOLD AND SE++],flux_err_aper_f277w,5D,5,photometry_primary,flux_err_aper_f277w,double precision[],source_native
master_catalog,/mnt/nvme01/cosmos-web-dr1-catalog/COSMOSWeb_mastercatalog_v1.1_photom_primary.fits,HDU 1 [PHOTOMETRY HOTCOLD AND SE++],mag_aper_f277w,5D,5,photometry_primary,mag_aper_f277w,double precision[],source_native
master_catalog,/mnt/nvme01/cosmos-web-dr1-catalog/COSMOSWeb_mastercatalog_v1.1_photom_primary.fits,HDU 1 [PHOTOMETRY HOTCOLD AND SE++],snr_f444w,D,1,photometry_primary,snr_f444w,double precision,source_native
master_catalog,/mnt/nvme01/cosmos-web-dr1-catalog/COSMOSWeb_mastercatalog_v1.1_photom_primary.fits,HDU 1 [PHOTOMETRY HOTCOLD AND SE++],wht_f444w,D,1,photometry_primary,wht_f444w,double precision,source_native
master_catalog,/mnt/nvme01/cosmos-web-dr1-catalog/COSMOSWeb_mastercatalog_v1.1_photom_primary.fits,HDU 1 [PHOTOMETRY HOTCOLD AND SE++],flux_auto_f444w,D,1,photometry_primary,flux_auto_f444w,double precision,source_native
master_catalog,/mnt/nvme01/cosmos-web-dr1-catalog/COSMOSWeb_mastercatalog_v1.1_photom_primary.fits,HDU 1 [PHOTOMETRY HOTCOLD AND SE++],flux_err_auto_f444w,D,1,photometry_primary,flux_err_auto_f444w,double precision,source_native
master_catalog,/mnt/nvme01/cosmos-web-dr1-catalog/COSMOSWeb_mastercatalog_v1.1_photom_primary.fits,HDU 1 [PHOTOMETRY HOTCOLD AND SE++],mag_auto_f444w,D,1,photometry_primary,mag_auto_f444w,double precision,source_native
master_catalog,/mnt/nvme01/cosmos-web-dr1-catalog/COSMOSWeb_mastercatalog_v1.1_photom_primary.fits,HDU 1 [PHOTOMETRY HOTCOLD AND SE++],flux_aper_f444w,5D,5,photometry_primary,flux_aper_f444w,double precision[],source_native
master_catalog,/mnt/nvme01/cosmos-web-dr1-catalog/COSMOSWeb_mastercatalog_v1.1_photom_primary.fits,HDU 1 [PHOTOMETRY HOTCOLD AND SE++],flux_err_aper_f444w,5D,5,photometry_primary,flux_err_aper_f444w,double precision[],source_native
master_catalog,/mnt/nvme01/cosmos-web-dr1-catalog/COSMOSWeb_mastercatalog_v1.1_photom_primary.fits,HDU 1 [PHOTOMETRY HOTCOLD AND SE++],mag_aper_f444w,5D,5,photometry_primary,mag_aper_f444w,double precision[],source_native
master_catalog,/mnt/nvme01/cosmos-web-dr1-catalog/COSMOSWeb_mastercatalog_v1.1_photom_primary.fits,HDU 1 [PHOTOMETRY HOTCOLD AND SE++],snr_f770w,D,1,photometry_primary,snr_f770w,double precision,source_native
master_catalog,/mnt/nvme01/cosmos-web-dr1-catalog/COSMOSWeb_mastercatalog_v1.1_photom_primary.fits,HDU 1 [PHOTOMETRY HOTCOLD AND SE++],wht_f770w,D,1,photometry_primary,wht_f770w,double precision,source_native
master_catalog,/mnt/nvme01/cosmos-web-dr1-catalog/COSMOSWeb_mastercatalog_v1.1_photom_primary.fits,HDU 1 [PHOTOMETRY HOTCOLD AND SE++],flux_auto_f770w,D,1,photometry_primary,flux_auto_f770w,double precision,source_native
master_catalog,/mnt/nvme01/cosmos-web-dr1-catalog/COSMOSWeb_mastercatalog_v1.1_photom_primary.fits,HDU 1 [PHOTOMETRY HOTCOLD AND SE++],flux_err_auto_f770w,D,1,photometry_primary,flux_err_auto_f770w,double precision,source_native
master_catalog,/mnt/nvme01/cosmos-web-dr1-catalog/COSMOSWeb_mastercatalog_v1.1_photom_primary.fits,HDU 1 [PHOTOMETRY HOTCOLD AND SE++],mag_auto_f770w,D,1,photometry_primary,mag_auto_f770w,double precision,source_native
master_catalog,/mnt/nvme01/cosmos-web-dr1-catalog/COSMOSWeb_mastercatalog_v1.1_photom_primary.fits,HDU 1 [PHOTOMETRY HOTCOLD AND SE++],flux_aper_f770w,5D,5,photometry_primary,flux_aper_f770w,double precision[],source_native
master_catalog,/mnt/nvme01/cosmos-web-dr1-catalog/COSMOSWeb_mastercatalog_v1.1_photom_primary.fits,HDU 1 [PHOTOMETRY HOTCOLD AND SE++],flux_err_aper_f770w,5D,5,photometry_primary,flux_err_aper_f770w,double precision[],source_native
master_catalog,/mnt/nvme01/cosmos-web-dr1-catalog/COSMOSWeb_mastercatalog_v1.1_photom_primary.fits,HDU 1 [PHOTOMETRY HOTCOLD AND SE++],mag_aper_f770w,5D,5,photometry_primary,mag_aper_f770w,double precision[],source_native
master_catalog,/mnt/nvme01/cosmos-web-dr1-catalog/COSMOSWeb_mastercatalog_v1.1_photom_primary.fits,HDU 1 [PHOTOMETRY HOTCOLD AND SE++],c_f444w,D,1,photometry_primary,c_f444w,double precision,source_native
master_catalog,/mnt/nvme01/cosmos-web-dr1-catalog/COSMOSWeb_mastercatalog_v1.1_photom_primary.fits,HDU 1 [PHOTOMETRY HOTCOLD AND SE++],fwhm,D,1,photometry_primary,fwhm,double precision,source_native
master_catalog,/mnt/nvme01/cosmos-web-dr1-catalog/COSMOSWeb_mastercatalog_v1.1_photom_primary.fits,HDU 1 [PHOTOMETRY HOTCOLD AND SE++],mu_max_hst-f814w,D,1,photometry_primary,mu_max_hst_f814w,double precision,source_native
master_catalog,/mnt/nvme01/cosmos-web-dr1-catalog/COSMOSWeb_mastercatalog_v1.1_photom_primary.fits,HDU 1 [PHOTOMETRY HOTCOLD AND SE++],mu_max_f115w,D,1,photometry_primary,mu_max_f115w,double precision,source_native
master_catalog,/mnt/nvme01/cosmos-web-dr1-catalog/COSMOSWeb_mastercatalog_v1.1_photom_primary.fits,HDU 1 [PHOTOMETRY HOTCOLD AND SE++],mu_max_f150w,D,1,photometry_primary,mu_max_f150w,double precision,source_native
master_catalog,/mnt/nvme01/cosmos-web-dr1-catalog/COSMOSWeb_mastercatalog_v1.1_photom_primary.fits,HDU 1 [PHOTOMETRY HOTCOLD AND SE++],mu_max_f277w,D,1,photometry_primary,mu_max_f277w,double precision,source_native
master_catalog,/mnt/nvme01/cosmos-web-dr1-catalog/COSMOSWeb_mastercatalog_v1.1_photom_primary.fits,HDU 1 [PHOTOMETRY HOTCOLD AND SE++],mu_max_f444w,D,1,photometry_primary,mu_max_f444w,double precision,source_native
master_catalog,/mnt/nvme01/cosmos-web-dr1-catalog/COSMOSWeb_mastercatalog_v1.1_photom_primary.fits,HDU 1 [PHOTOMETRY HOTCOLD AND SE++],mu_max_f770w,D,1,photometry_primary,mu_max_f770w,double precision,source_native
master_catalog,/mnt/nvme01/cosmos-web-dr1-catalog/COSMOSWeb_mastercatalog_v1.1_photom_primary.fits,HDU 1 [PHOTOMETRY HOTCOLD AND SE++],kron_rad,D,1,photometry_primary,kron_rad,double precision,source_native
master_catalog,/mnt/nvme01/cosmos-web-dr1-catalog/COSMOSWeb_mastercatalog_v1.1_photom_primary.fits,HDU 1 [PHOTOMETRY HOTCOLD AND SE++],kron1_a,D,1,photometry_primary,kron1_a,double precision,source_native
master_catalog,/mnt/nvme01/cosmos-web-dr1-catalog/COSMOSWeb_mastercatalog_v1.1_photom_primary.fits,HDU 1 [PHOTOMETRY HOTCOLD AND SE++],kron1_b,D,1,photometry_primary,kron1_b,double precision,source_native
master_catalog,/mnt/nvme01/cosmos-web-dr1-catalog/COSMOSWeb_mastercatalog_v1.1_photom_primary.fits,HDU 1 [PHOTOMETRY HOTCOLD AND SE++],kron1_area,D,1,photometry_primary,kron1_area,double precision,source_native
master_catalog,/mnt/nvme01/cosmos-web-dr1-catalog/COSMOSWeb_mastercatalog_v1.1_photom_primary.fits,HDU 1 [PHOTOMETRY HOTCOLD AND SE++],kron2_a,D,1,photometry_primary,kron2_a,double precision,source_native
master_catalog,/mnt/nvme01/cosmos-web-dr1-catalog/COSMOSWeb_mastercatalog_v1.1_photom_primary.fits,HDU 1 [PHOTOMETRY HOTCOLD AND SE++],kron2_b,D,1,photometry_primary,kron2_b,double precision,source_native
master_catalog,/mnt/nvme01/cosmos-web-dr1-catalog/COSMOSWeb_mastercatalog_v1.1_photom_primary.fits,HDU 1 [PHOTOMETRY HOTCOLD AND SE++],kron2_area,D,1,photometry_primary,kron2_area,double precision,source_native
master_catalog,/mnt/nvme01/cosmos-web-dr1-catalog/COSMOSWeb_mastercatalog_v1.1_photom_primary.fits,HDU 1 [PHOTOMETRY HOTCOLD AND SE++],seg_area,D,1,photometry_primary,seg_area,double precision,source_native
master_catalog,/mnt/nvme01/cosmos-web-dr1-catalog/COSMOSWeb_mastercatalog_v1.1_photom_primary.fits,HDU 1 [PHOTOMETRY HOTCOLD AND SE++],kron_corr,D,1,photometry_primary,kron_corr,double precision,source_native
master_catalog,/mnt/nvme01/cosmos-web-dr1-catalog/COSMOSWeb_mastercatalog_v1.1_photom_primary.fits,HDU 1 [PHOTOMETRY HOTCOLD AND SE++],kron_f444w_psf_corr,D,1,photometry_primary,kron_f444w_psf_corr,double precision,source_native
master_catalog,/mnt/nvme01/cosmos-web-dr1-catalog/COSMOSWeb_mastercatalog_v1.1_photom_primary.fits,HDU 1 [PHOTOMETRY HOTCOLD AND SE++],kron_f770w_psf_corr,D,1,photometry_primary,kron_f770w_psf_corr,double precision,source_native
master_catalog,/mnt/nvme01/cosmos-web-dr1-catalog/COSMOSWeb_mastercatalog_v1.1_photom_primary.fits,HDU 1 [PHOTOMETRY HOTCOLD AND SE++],kron_f770w_ap_corr,D,1,photometry_primary,kron_f770w_ap_corr,double precision,source_native
master_catalog,/mnt/nvme01/cosmos-web-dr1-catalog/COSMOSWeb_mastercatalog_v1.1_photom_primary.fits,HDU 1 [PHOTOMETRY HOTCOLD AND SE++],flag_star,L,1,photometry_primary,flag_star,boolean,source_native
master_catalog,/mnt/nvme01/cosmos-web-dr1-catalog/COSMOSWeb_mastercatalog_v1.1_photom_primary.fits,HDU 1 [PHOTOMETRY HOTCOLD AND SE++],flag_blend,L,1,photometry_primary,flag_blend,boolean,source_native
master_catalog,/mnt/nvme01/cosmos-web-dr1-catalog/COSMOSWeb_mastercatalog_v1.1_photom_primary.fits,HDU 1 [PHOTOMETRY HOTCOLD AND SE++],ra_model,D,1,photometry_primary,ra_model,double precision,source_native
master_catalog,/mnt/nvme01/cosmos-web-dr1-catalog/COSMOSWeb_mastercatalog_v1.1_photom_primary.fits,HDU 1 [PHOTOMETRY HOTCOLD AND SE++],dec_model,D,1,photometry_primary,dec_model,double precision,source_native
master_catalog,/mnt/nvme01/cosmos-web-dr1-catalog/COSMOSWeb_mastercatalog_v1.1_photom_primary.fits,HDU 1 [PHOTOMETRY HOTCOLD AND SE++],radius_sersic,D,1,photometry_primary,radius_sersic,double precision,source_native
master_catalog,/mnt/nvme01/cosmos-web-dr1-catalog/COSMOSWeb_mastercatalog_v1.1_photom_primary.fits,HDU 1 [PHOTOMETRY HOTCOLD AND SE++],radius_sersic_err,D,1,photometry_primary,radius_sersic_err,double precision,source_native
master_catalog,/mnt/nvme01/cosmos-web-dr1-catalog/COSMOSWeb_mastercatalog_v1.1_photom_primary.fits,HDU 1 [PHOTOMETRY HOTCOLD AND SE++],axratio_sersic,D,1,photometry_primary,axratio_sersic,double precision,source_native
master_catalog,/mnt/nvme01/cosmos-web-dr1-catalog/COSMOSWeb_mastercatalog_v1.1_photom_primary.fits,HDU 1 [PHOTOMETRY HOTCOLD AND SE++],axratio_sersic_err,D,1,photometry_primary,axratio_sersic_err,double precision,source_native
master_catalog,/mnt/nvme01/cosmos-web-dr1-catalog/COSMOSWeb_mastercatalog_v1.1_photom_primary.fits,HDU 1 [PHOTOMETRY HOTCOLD AND SE++],sersic,D,1,photometry_primary,sersic,double precision,source_native
master_catalog,/mnt/nvme01/cosmos-web-dr1-catalog/COSMOSWeb_mastercatalog_v1.1_photom_primary.fits,HDU 1 [PHOTOMETRY HOTCOLD AND SE++],sersic_err,D,1,photometry_primary,sersic_err,double precision,source_native
master_catalog,/mnt/nvme01/cosmos-web-dr1-catalog/COSMOSWeb_mastercatalog_v1.1_photom_primary.fits,HDU 1 [PHOTOMETRY HOTCOLD AND SE++],angle_sersic,D,1,photometry_primary,angle_sersic,double precision,source_native
master_catalog,/mnt/nvme01/cosmos-web-dr1-catalog/COSMOSWeb_mastercatalog_v1.1_photom_primary.fits,HDU 1 [PHOTOMETRY HOTCOLD AND SE++],angle_sersic_err,D,1,photometry_primary,angle_sersic_err,double precision,source_native
master_catalog,/mnt/nvme01/cosmos-web-dr1-catalog/COSMOSWeb_mastercatalog_v1.1_photom_primary.fits,HDU 1 [PHOTOMETRY HOTCOLD AND SE++],e1,D,1,photometry_primary,e1,double precision,source_native
master_catalog,/mnt/nvme01/cosmos-web-dr1-catalog/COSMOSWeb_mastercatalog_v1.1_photom_primary.fits,HDU 1 [PHOTOMETRY HOTCOLD AND SE++],e1_err,D,1,photometry_primary,e1_err,double precision,source_native
master_catalog,/mnt/nvme01/cosmos-web-dr1-catalog/COSMOSWeb_mastercatalog_v1.1_photom_primary.fits,HDU 1 [PHOTOMETRY HOTCOLD AND SE++],e2,D,1,photometry_primary,e2,double precision,source_native
master_catalog,/mnt/nvme01/cosmos-web-dr1-catalog/COSMOSWeb_mastercatalog_v1.1_photom_primary.fits,HDU 1 [PHOTOMETRY HOTCOLD AND SE++],e2_err,D,1,photometry_primary,e2_err,double precision,source_native
master_catalog,/mnt/nvme01/cosmos-web-dr1-catalog/COSMOSWeb_mastercatalog_v1.1_photom_primary.fits,HDU 1 [PHOTOMETRY HOTCOLD AND SE++],fmf_chi2,D,1,photometry_primary,fmf_chi2,double precision,source_native
master_catalog,/mnt/nvme01/cosmos-web-dr1-catalog/COSMOSWeb_mastercatalog_v1.1_photom_primary.fits,HDU 1 [PHOTOMETRY HOTCOLD AND SE++],group_id,K,1,photometry_primary,group_id,bigint,source_native
master_catalog,/mnt/nvme01/cosmos-web-dr1-catalog/COSMOSWeb_mastercatalog_v1.1_photom_primary.fits,HDU 1 [PHOTOMETRY HOTCOLD AND SE++],mag_model_f115w,D,1,photometry_primary,mag_model_f115w,double precision,source_native
master_catalog,/mnt/nvme01/cosmos-web-dr1-catalog/COSMOSWeb_mastercatalog_v1.1_photom_primary.fits,HDU 1 [PHOTOMETRY HOTCOLD AND SE++],mag_model_f150w,D,1,photometry_primary,mag_model_f150w,double precision,source_native
master_catalog,/mnt/nvme01/cosmos-web-dr1-catalog/COSMOSWeb_mastercatalog_v1.1_photom_primary.fits,HDU 1 [PHOTOMETRY HOTCOLD AND SE++],mag_model_f277w,D,1,photometry_primary,mag_model_f277w,double precision,source_native
master_catalog,/mnt/nvme01/cosmos-web-dr1-catalog/COSMOSWeb_mastercatalog_v1.1_photom_primary.fits,HDU 1 [PHOTOMETRY HOTCOLD AND SE++],mag_model_f444w,D,1,photometry_primary,mag_model_f444w,double precision,source_native
master_catalog,/mnt/nvme01/cosmos-web-dr1-catalog/COSMOSWeb_mastercatalog_v1.1_photom_primary.fits,HDU 1 [PHOTOMETRY HOTCOLD AND SE++],mag_model_hst-f814w,D,1,photometry_primary,mag_model_hst_f814w,double precision,source_native
master_catalog,/mnt/nvme01/cosmos-web-dr1-catalog/COSMOSWeb_mastercatalog_v1.1_photom_primary.fits,HDU 1 [PHOTOMETRY HOTCOLD AND SE++],mag_model_f770w,D,1,photometry_primary,mag_model_f770w,double precision,source_native
master_catalog,/mnt/nvme01/cosmos-web-dr1-catalog/COSMOSWeb_mastercatalog_v1.1_photom_primary.fits,HDU 1 [PHOTOMETRY HOTCOLD AND SE++],mag_model_cfht-u,D,1,photometry_primary,mag_model_cfht_u,double precision,source_native
master_catalog,/mnt/nvme01/cosmos-web-dr1-catalog/COSMOSWeb_mastercatalog_v1.1_photom_primary.fits,HDU 1 [PHOTOMETRY HOTCOLD AND SE++],mag_model_hsc-g,D,1,photometry_primary,mag_model_hsc_g,double precision,source_native
master_catalog,/mnt/nvme01/cosmos-web-dr1-catalog/COSMOSWeb_mastercatalog_v1.1_photom_primary.fits,HDU 1 [PHOTOMETRY HOTCOLD AND SE++],mag_model_hsc-r,D,1,photometry_primary,mag_model_hsc_r,double precision,source_native
master_catalog,/mnt/nvme01/cosmos-web-dr1-catalog/COSMOSWeb_mastercatalog_v1.1_photom_primary.fits,HDU 1 [PHOTOMETRY HOTCOLD AND SE++],mag_model_hsc-i,D,1,photometry_primary,mag_model_hsc_i,double precision,source_native
master_catalog,/mnt/nvme01/cosmos-web-dr1-catalog/COSMOSWeb_mastercatalog_v1.1_photom_primary.fits,HDU 1 [PHOTOMETRY HOTCOLD AND SE++],mag_model_hsc-z,D,1,photometry_primary,mag_model_hsc_z,double precision,source_native
master_catalog,/mnt/nvme01/cosmos-web-dr1-catalog/COSMOSWeb_mastercatalog_v1.1_photom_primary.fits,HDU 1 [PHOTOMETRY HOTCOLD AND SE++],mag_model_hsc-y,D,1,photometry_primary,mag_model_hsc_y,double precision,source_native
master_catalog,/mnt/nvme01/cosmos-web-dr1-catalog/COSMOSWeb_mastercatalog_v1.1_photom_primary.fits,HDU 1 [PHOTOMETRY HOTCOLD AND SE++],mag_model_hsc-nb0816,D,1,photometry_primary,mag_model_hsc_nb0816,double precision,source_native
master_catalog,/mnt/nvme01/cosmos-web-dr1-catalog/COSMOSWeb_mastercatalog_v1.1_photom_primary.fits,HDU 1 [PHOTOMETRY HOTCOLD AND SE++],mag_model_hsc-nb0921,D,1,photometry_primary,mag_model_hsc_nb0921,double precision,source_native
master_catalog,/mnt/nvme01/cosmos-web-dr1-catalog/COSMOSWeb_mastercatalog_v1.1_photom_primary.fits,HDU 1 [PHOTOMETRY HOTCOLD AND SE++],mag_model_hsc-nb1010,D,1,photometry_primary,mag_model_hsc_nb1010,double precision,source_native
master_catalog,/mnt/nvme01/cosmos-web-dr1-catalog/COSMOSWeb_mastercatalog_v1.1_photom_primary.fits,HDU 1 [PHOTOMETRY HOTCOLD AND SE++],mag_model_uvista-y,D,1,photometry_primary,mag_model_uvista_y,double precision,source_native
master_catalog,/mnt/nvme01/cosmos-web-dr1-catalog/COSMOSWeb_mastercatalog_v1.1_photom_primary.fits,HDU 1 [PHOTOMETRY HOTCOLD AND SE++],mag_model_uvista-j,D,1,photometry_primary,mag_model_uvista_j,double precision,source_native
master_catalog,/mnt/nvme01/cosmos-web-dr1-catalog/COSMOSWeb_mastercatalog_v1.1_photom_primary.fits,HDU 1 [PHOTOMETRY HOTCOLD AND SE++],mag_model_uvista-h,D,1,photometry_primary,mag_model_uvista_h,double precision,source_native
master_catalog,/mnt/nvme01/cosmos-web-dr1-catalog/COSMOSWeb_mastercatalog_v1.1_photom_primary.fits,HDU 1 [PHOTOMETRY HOTCOLD AND SE++],mag_model_uvista-ks,D,1,photometry_primary,mag_model_uvista_ks,double precision,source_native
master_catalog,/mnt/nvme01/cosmos-web-dr1-catalog/COSMOSWeb_mastercatalog_v1.1_photom_primary.fits,HDU 1 [PHOTOMETRY HOTCOLD AND SE++],mag_model_uvista-nb118,D,1,photometry_primary,mag_model_uvista_nb118,double precision,source_native
master_catalog,/mnt/nvme01/cosmos-web-dr1-catalog/COSMOSWeb_mastercatalog_v1.1_photom_primary.fits,HDU 1 [PHOTOMETRY HOTCOLD AND SE++],mag_model_sc-ia484,D,1,photometry_primary,mag_model_sc_ia484,double precision,source_native
master_catalog,/mnt/nvme01/cosmos-web-dr1-catalog/COSMOSWeb_mastercatalog_v1.1_photom_primary.fits,HDU 1 [PHOTOMETRY HOTCOLD AND SE++],mag_model_sc-ia527,D,1,photometry_primary,mag_model_sc_ia527,double precision,source_native
master_catalog,/mnt/nvme01/cosmos-web-dr1-catalog/COSMOSWeb_mastercatalog_v1.1_photom_primary.fits,HDU 1 [PHOTOMETRY HOTCOLD AND SE++],mag_model_sc-ia624,D,1,photometry_primary,mag_model_sc_ia624,double precision,source_native
master_catalog,/mnt/nvme01/cosmos-web-dr1-catalog/COSMOSWeb_mastercatalog_v1.1_photom_primary.fits,HDU 1 [PHOTOMETRY HOTCOLD AND SE++],mag_model_sc-ia679,D,1,photometry_primary,mag_model_sc_ia679,double precision,source_native
master_catalog,/mnt/nvme01/cosmos-web-dr1-catalog/COSMOSWeb_mastercatalog_v1.1_photom_primary.fits,HDU 1 [PHOTOMETRY HOTCOLD AND SE++],mag_model_sc-ia738,D,1,photometry_primary,mag_model_sc_ia738,double precision,source_native
master_catalog,/mnt/nvme01/cosmos-web-dr1-catalog/COSMOSWeb_mastercatalog_v1.1_photom_primary.fits,HDU 1 [PHOTOMETRY HOTCOLD AND SE++],mag_model_sc-ia767,D,1,photometry_primary,mag_model_sc_ia767,double precision,source_native
master_catalog,/mnt/nvme01/cosmos-web-dr1-catalog/COSMOSWeb_mastercatalog_v1.1_photom_primary.fits,HDU 1 [PHOTOMETRY HOTCOLD AND SE++],mag_model_sc-ib427,D,1,photometry_primary,mag_model_sc_ib427,double precision,source_native
master_catalog,/mnt/nvme01/cosmos-web-dr1-catalog/COSMOSWeb_mastercatalog_v1.1_photom_primary.fits,HDU 1 [PHOTOMETRY HOTCOLD AND SE++],mag_model_sc-ib505,D,1,photometry_primary,mag_model_sc_ib505,double precision,source_native
master_catalog,/mnt/nvme01/cosmos-web-dr1-catalog/COSMOSWeb_mastercatalog_v1.1_photom_primary.fits,HDU 1 [PHOTOMETRY HOTCOLD AND SE++],mag_model_sc-ib574,D,1,photometry_primary,mag_model_sc_ib574,double precision,source_native
master_catalog,/mnt/nvme01/cosmos-web-dr1-catalog/COSMOSWeb_mastercatalog_v1.1_photom_primary.fits,HDU 1 [PHOTOMETRY HOTCOLD AND SE++],mag_model_sc-ib709,D,1,photometry_primary,mag_model_sc_ib709,double precision,source_native
master_catalog,/mnt/nvme01/cosmos-web-dr1-catalog/COSMOSWeb_mastercatalog_v1.1_photom_primary.fits,HDU 1 [PHOTOMETRY HOTCOLD AND SE++],mag_model_sc-ib827,D,1,photometry_primary,mag_model_sc_ib827,double precision,source_native
master_catalog,/mnt/nvme01/cosmos-web-dr1-catalog/COSMOSWeb_mastercatalog_v1.1_photom_primary.fits,HDU 1 [PHOTOMETRY HOTCOLD AND SE++],mag_model_sc-nb711,D,1,photometry_primary,mag_model_sc_nb711,double precision,source_native
master_catalog,/mnt/nvme01/cosmos-web-dr1-catalog/COSMOSWeb_mastercatalog_v1.1_photom_primary.fits,HDU 1 [PHOTOMETRY HOTCOLD AND SE++],mag_model_sc-nb816,D,1,photometry_primary,mag_model_sc_nb816,double precision,source_native
master_catalog,/mnt/nvme01/cosmos-web-dr1-catalog/COSMOSWeb_mastercatalog_v1.1_photom_primary.fits,HDU 1 [PHOTOMETRY HOTCOLD AND SE++],mag_model_irac-ch1,D,1,photometry_primary,mag_model_irac_ch1,double precision,source_native
master_catalog,/mnt/nvme01/cosmos-web-dr1-catalog/COSMOSWeb_mastercatalog_v1.1_photom_primary.fits,HDU 1 [PHOTOMETRY HOTCOLD AND SE++],mag_model_irac-ch2,D,1,photometry_primary,mag_model_irac_ch2,double precision,source_native
master_catalog,/mnt/nvme01/cosmos-web-dr1-catalog/COSMOSWeb_mastercatalog_v1.1_photom_primary.fits,HDU 1 [PHOTOMETRY HOTCOLD AND SE++],mag_model_irac-ch3,D,1,photometry_primary,mag_model_irac_ch3,double precision,source_native
master_catalog,/mnt/nvme01/cosmos-web-dr1-catalog/COSMOSWeb_mastercatalog_v1.1_photom_primary.fits,HDU 1 [PHOTOMETRY HOTCOLD AND SE++],mag_model_irac-ch4,D,1,photometry_primary,mag_model_irac_ch4,double precision,source_native
master_catalog,/mnt/nvme01/cosmos-web-dr1-catalog/COSMOSWeb_mastercatalog_v1.1_photom_primary.fits,HDU 1 [PHOTOMETRY HOTCOLD AND SE++],mag_err_model_f115w,D,1,photometry_primary,mag_err_model_f115w,double precision,source_native
master_catalog,/mnt/nvme01/cosmos-web-dr1-catalog/COSMOSWeb_mastercatalog_v1.1_photom_primary.fits,HDU 1 [PHOTOMETRY HOTCOLD AND SE++],mag_err_model_f150w,D,1,photometry_primary,mag_err_model_f150w,double precision,source_native
master_catalog,/mnt/nvme01/cosmos-web-dr1-catalog/COSMOSWeb_mastercatalog_v1.1_photom_primary.fits,HDU 1 [PHOTOMETRY HOTCOLD AND SE++],mag_err_model_f277w,D,1,photometry_primary,mag_err_model_f277w,double precision,source_native
master_catalog,/mnt/nvme01/cosmos-web-dr1-catalog/COSMOSWeb_mastercatalog_v1.1_photom_primary.fits,HDU 1 [PHOTOMETRY HOTCOLD AND SE++],mag_err_model_f444w,D,1,photometry_primary,mag_err_model_f444w,double precision,source_native
master_catalog,/mnt/nvme01/cosmos-web-dr1-catalog/COSMOSWeb_mastercatalog_v1.1_photom_primary.fits,HDU 1 [PHOTOMETRY HOTCOLD AND SE++],mag_err_model_hst-f814w,D,1,photometry_primary,mag_err_model_hst_f814w,double precision,source_native
master_catalog,/mnt/nvme01/cosmos-web-dr1-catalog/COSMOSWeb_mastercatalog_v1.1_photom_primary.fits,HDU 1 [PHOTOMETRY HOTCOLD AND SE++],mag_err_model_f770w,D,1,photometry_primary,mag_err_model_f770w,double precision,source_native
master_catalog,/mnt/nvme01/cosmos-web-dr1-catalog/COSMOSWeb_mastercatalog_v1.1_photom_primary.fits,HDU 1 [PHOTOMETRY HOTCOLD AND SE++],mag_err_model_cfht-u,D,1,photometry_primary,mag_err_model_cfht_u,double precision,source_native
master_catalog,/mnt/nvme01/cosmos-web-dr1-catalog/COSMOSWeb_mastercatalog_v1.1_photom_primary.fits,HDU 1 [PHOTOMETRY HOTCOLD AND SE++],mag_err_model_hsc-g,D,1,photometry_primary,mag_err_model_hsc_g,double precision,source_native
master_catalog,/mnt/nvme01/cosmos-web-dr1-catalog/COSMOSWeb_mastercatalog_v1.1_photom_primary.fits,HDU 1 [PHOTOMETRY HOTCOLD AND SE++],mag_err_model_hsc-r,D,1,photometry_primary,mag_err_model_hsc_r,double precision,source_native
master_catalog,/mnt/nvme01/cosmos-web-dr1-catalog/COSMOSWeb_mastercatalog_v1.1_photom_primary.fits,HDU 1 [PHOTOMETRY HOTCOLD AND SE++],mag_err_model_hsc-i,D,1,photometry_primary,mag_err_model_hsc_i,double precision,source_native
master_catalog,/mnt/nvme01/cosmos-web-dr1-catalog/COSMOSWeb_mastercatalog_v1.1_photom_primary.fits,HDU 1 [PHOTOMETRY HOTCOLD AND SE++],mag_err_model_hsc-z,D,1,photometry_primary,mag_err_model_hsc_z,double precision,source_native
master_catalog,/mnt/nvme01/cosmos-web-dr1-catalog/COSMOSWeb_mastercatalog_v1.1_photom_primary.fits,HDU 1 [PHOTOMETRY HOTCOLD AND SE++],mag_err_model_hsc-y,D,1,photometry_primary,mag_err_model_hsc_y,double precision,source_native
master_catalog,/mnt/nvme01/cosmos-web-dr1-catalog/COSMOSWeb_mastercatalog_v1.1_photom_primary.fits,HDU 1 [PHOTOMETRY HOTCOLD AND SE++],mag_err_model_hsc-nb0816,D,1,photometry_primary,mag_err_model_hsc_nb0816,double precision,source_native
master_catalog,/mnt/nvme01/cosmos-web-dr1-catalog/COSMOSWeb_mastercatalog_v1.1_photom_primary.fits,HDU 1 [PHOTOMETRY HOTCOLD AND SE++],mag_err_model_hsc-nb0921,D,1,photometry_primary,mag_err_model_hsc_nb0921,double precision,source_native
master_catalog,/mnt/nvme01/cosmos-web-dr1-catalog/COSMOSWeb_mastercatalog_v1.1_photom_primary.fits,HDU 1 [PHOTOMETRY HOTCOLD AND SE++],mag_err_model_hsc-nb1010,D,1,photometry_primary,mag_err_model_hsc_nb1010,double precision,source_native
master_catalog,/mnt/nvme01/cosmos-web-dr1-catalog/COSMOSWeb_mastercatalog_v1.1_photom_primary.fits,HDU 1 [PHOTOMETRY HOTCOLD AND SE++],mag_err_model_uvista-y,D,1,photometry_primary,mag_err_model_uvista_y,double precision,source_native
master_catalog,/mnt/nvme01/cosmos-web-dr1-catalog/COSMOSWeb_mastercatalog_v1.1_photom_primary.fits,HDU 1 [PHOTOMETRY HOTCOLD AND SE++],mag_err_model_uvista-j,D,1,photometry_primary,mag_err_model_uvista_j,double precision,source_native
master_catalog,/mnt/nvme01/cosmos-web-dr1-catalog/COSMOSWeb_mastercatalog_v1.1_photom_primary.fits,HDU 1 [PHOTOMETRY HOTCOLD AND SE++],mag_err_model_uvista-h,D,1,photometry_primary,mag_err_model_uvista_h,double precision,source_native
master_catalog,/mnt/nvme01/cosmos-web-dr1-catalog/COSMOSWeb_mastercatalog_v1.1_photom_primary.fits,HDU 1 [PHOTOMETRY HOTCOLD AND SE++],mag_err_model_uvista-ks,D,1,photometry_primary,mag_err_model_uvista_ks,double precision,source_native
master_catalog,/mnt/nvme01/cosmos-web-dr1-catalog/COSMOSWeb_mastercatalog_v1.1_photom_primary.fits,HDU 1 [PHOTOMETRY HOTCOLD AND SE++],mag_err_model_uvista-nb118,D,1,photometry_primary,mag_err_model_uvista_nb118,double precision,source_native
master_catalog,/mnt/nvme01/cosmos-web-dr1-catalog/COSMOSWeb_mastercatalog_v1.1_photom_primary.fits,HDU 1 [PHOTOMETRY HOTCOLD AND SE++],mag_err_model_sc-ia484,D,1,photometry_primary,mag_err_model_sc_ia484,double precision,source_native
master_catalog,/mnt/nvme01/cosmos-web-dr1-catalog/COSMOSWeb_mastercatalog_v1.1_photom_primary.fits,HDU 1 [PHOTOMETRY HOTCOLD AND SE++],mag_err_model_sc-ia527,D,1,photometry_primary,mag_err_model_sc_ia527,double precision,source_native
master_catalog,/mnt/nvme01/cosmos-web-dr1-catalog/COSMOSWeb_mastercatalog_v1.1_photom_primary.fits,HDU 1 [PHOTOMETRY HOTCOLD AND SE++],mag_err_model_sc-ia624,D,1,photometry_primary,mag_err_model_sc_ia624,double precision,source_native
master_catalog,/mnt/nvme01/cosmos-web-dr1-catalog/COSMOSWeb_mastercatalog_v1.1_photom_primary.fits,HDU 1 [PHOTOMETRY HOTCOLD AND SE++],mag_err_model_sc-ia679,D,1,photometry_primary,mag_err_model_sc_ia679,double precision,source_native
master_catalog,/mnt/nvme01/cosmos-web-dr1-catalog/COSMOSWeb_mastercatalog_v1.1_photom_primary.fits,HDU 1 [PHOTOMETRY HOTCOLD AND SE++],mag_err_model_sc-ia738,D,1,photometry_primary,mag_err_model_sc_ia738,double precision,source_native
master_catalog,/mnt/nvme01/cosmos-web-dr1-catalog/COSMOSWeb_mastercatalog_v1.1_photom_primary.fits,HDU 1 [PHOTOMETRY HOTCOLD AND SE++],mag_err_model_sc-ia767,D,1,photometry_primary,mag_err_model_sc_ia767,double precision,source_native
master_catalog,/mnt/nvme01/cosmos-web-dr1-catalog/COSMOSWeb_mastercatalog_v1.1_photom_primary.fits,HDU 1 [PHOTOMETRY HOTCOLD AND SE++],mag_err_model_sc-ib427,D,1,photometry_primary,mag_err_model_sc_ib427,double precision,source_native
master_catalog,/mnt/nvme01/cosmos-web-dr1-catalog/COSMOSWeb_mastercatalog_v1.1_photom_primary.fits,HDU 1 [PHOTOMETRY HOTCOLD AND SE++],mag_err_model_sc-ib505,D,1,photometry_primary,mag_err_model_sc_ib505,double precision,source_native
master_catalog,/mnt/nvme01/cosmos-web-dr1-catalog/COSMOSWeb_mastercatalog_v1.1_photom_primary.fits,HDU 1 [PHOTOMETRY HOTCOLD AND SE++],mag_err_model_sc-ib574,D,1,photometry_primary,mag_err_model_sc_ib574,double precision,source_native
master_catalog,/mnt/nvme01/cosmos-web-dr1-catalog/COSMOSWeb_mastercatalog_v1.1_photom_primary.fits,HDU 1 [PHOTOMETRY HOTCOLD AND SE++],mag_err_model_sc-ib709,D,1,photometry_primary,mag_err_model_sc_ib709,double precision,source_native
master_catalog,/mnt/nvme01/cosmos-web-dr1-catalog/COSMOSWeb_mastercatalog_v1.1_photom_primary.fits,HDU 1 [PHOTOMETRY HOTCOLD AND SE++],mag_err_model_sc-ib827,D,1,photometry_primary,mag_err_model_sc_ib827,double precision,source_native
master_catalog,/mnt/nvme01/cosmos-web-dr1-catalog/COSMOSWeb_mastercatalog_v1.1_photom_primary.fits,HDU 1 [PHOTOMETRY HOTCOLD AND SE++],mag_err_model_sc-nb711,D,1,photometry_primary,mag_err_model_sc_nb711,double precision,source_native
master_catalog,/mnt/nvme01/cosmos-web-dr1-catalog/COSMOSWeb_mastercatalog_v1.1_photom_primary.fits,HDU 1 [PHOTOMETRY HOTCOLD AND SE++],mag_err_model_sc-nb816,D,1,photometry_primary,mag_err_model_sc_nb816,double precision,source_native
master_catalog,/mnt/nvme01/cosmos-web-dr1-catalog/COSMOSWeb_mastercatalog_v1.1_photom_primary.fits,HDU 1 [PHOTOMETRY HOTCOLD AND SE++],mag_err_model_irac-ch1,D,1,photometry_primary,mag_err_model_irac_ch1,double precision,source_native
master_catalog,/mnt/nvme01/cosmos-web-dr1-catalog/COSMOSWeb_mastercatalog_v1.1_photom_primary.fits,HDU 1 [PHOTOMETRY HOTCOLD AND SE++],mag_err_model_irac-ch2,D,1,photometry_primary,mag_err_model_irac_ch2,double precision,source_native
master_catalog,/mnt/nvme01/cosmos-web-dr1-catalog/COSMOSWeb_mastercatalog_v1.1_photom_primary.fits,HDU 1 [PHOTOMETRY HOTCOLD AND SE++],mag_err_model_irac-ch3,D,1,photometry_primary,mag_err_model_irac_ch3,double precision,source_native
master_catalog,/mnt/nvme01/cosmos-web-dr1-catalog/COSMOSWeb_mastercatalog_v1.1_photom_primary.fits,HDU 1 [PHOTOMETRY HOTCOLD AND SE++],mag_err_model_irac-ch4,D,1,photometry_primary,mag_err_model_irac_ch4,double precision,source_native
master_catalog,/mnt/nvme01/cosmos-web-dr1-catalog/COSMOSWeb_mastercatalog_v1.1_photom_primary.fits,HDU 1 [PHOTOMETRY HOTCOLD AND SE++],flux_model_f115w,D,1,photometry_primary,flux_model_f115w,double precision,source_native
master_catalog,/mnt/nvme01/cosmos-web-dr1-catalog/COSMOSWeb_mastercatalog_v1.1_photom_primary.fits,HDU 1 [PHOTOMETRY HOTCOLD AND SE++],flux_model_f150w,D,1,photometry_primary,flux_model_f150w,double precision,source_native
master_catalog,/mnt/nvme01/cosmos-web-dr1-catalog/COSMOSWeb_mastercatalog_v1.1_photom_primary.fits,HDU 1 [PHOTOMETRY HOTCOLD AND SE++],flux_model_f277w,D,1,photometry_primary,flux_model_f277w,double precision,source_native
master_catalog,/mnt/nvme01/cosmos-web-dr1-catalog/COSMOSWeb_mastercatalog_v1.1_photom_primary.fits,HDU 1 [PHOTOMETRY HOTCOLD AND SE++],flux_model_f444w,D,1,photometry_primary,flux_model_f444w,double precision,source_native
master_catalog,/mnt/nvme01/cosmos-web-dr1-catalog/COSMOSWeb_mastercatalog_v1.1_photom_primary.fits,HDU 1 [PHOTOMETRY HOTCOLD AND SE++],flux_model_hst-f814w,D,1,photometry_primary,flux_model_hst_f814w,double precision,source_native
master_catalog,/mnt/nvme01/cosmos-web-dr1-catalog/COSMOSWeb_mastercatalog_v1.1_photom_primary.fits,HDU 1 [PHOTOMETRY HOTCOLD AND SE++],flux_model_f770w,D,1,photometry_primary,flux_model_f770w,double precision,source_native
master_catalog,/mnt/nvme01/cosmos-web-dr1-catalog/COSMOSWeb_mastercatalog_v1.1_photom_primary.fits,HDU 1 [PHOTOMETRY HOTCOLD AND SE++],flux_model_cfht-u,D,1,photometry_primary,flux_model_cfht_u,double precision,source_native
master_catalog,/mnt/nvme01/cosmos-web-dr1-catalog/COSMOSWeb_mastercatalog_v1.1_photom_primary.fits,HDU 1 [PHOTOMETRY HOTCOLD AND SE++],flux_model_hsc-g,D,1,photometry_primary,flux_model_hsc_g,double precision,source_native
master_catalog,/mnt/nvme01/cosmos-web-dr1-catalog/COSMOSWeb_mastercatalog_v1.1_photom_primary.fits,HDU 1 [PHOTOMETRY HOTCOLD AND SE++],flux_model_hsc-r,D,1,photometry_primary,flux_model_hsc_r,double precision,source_native
master_catalog,/mnt/nvme01/cosmos-web-dr1-catalog/COSMOSWeb_mastercatalog_v1.1_photom_primary.fits,HDU 1 [PHOTOMETRY HOTCOLD AND SE++],flux_model_hsc-i,D,1,photometry_primary,flux_model_hsc_i,double precision,source_native
master_catalog,/mnt/nvme01/cosmos-web-dr1-catalog/COSMOSWeb_mastercatalog_v1.1_photom_primary.fits,HDU 1 [PHOTOMETRY HOTCOLD AND SE++],flux_model_hsc-z,D,1,photometry_primary,flux_model_hsc_z,double precision,source_native
master_catalog,/mnt/nvme01/cosmos-web-dr1-catalog/COSMOSWeb_mastercatalog_v1.1_photom_primary.fits,HDU 1 [PHOTOMETRY HOTCOLD AND SE++],flux_model_hsc-y,D,1,photometry_primary,flux_model_hsc_y,double precision,source_native
master_catalog,/mnt/nvme01/cosmos-web-dr1-catalog/COSMOSWeb_mastercatalog_v1.1_photom_primary.fits,HDU 1 [PHOTOMETRY HOTCOLD AND SE++],flux_model_hsc-nb0816,D,1,photometry_primary,flux_model_hsc_nb0816,double precision,source_native
master_catalog,/mnt/nvme01/cosmos-web-dr1-catalog/COSMOSWeb_mastercatalog_v1.1_photom_primary.fits,HDU 1 [PHOTOMETRY HOTCOLD AND SE++],flux_model_hsc-nb0921,D,1,photometry_primary,flux_model_hsc_nb0921,double precision,source_native
master_catalog,/mnt/nvme01/cosmos-web-dr1-catalog/COSMOSWeb_mastercatalog_v1.1_photom_primary.fits,HDU 1 [PHOTOMETRY HOTCOLD AND SE++],flux_model_hsc-nb1010,D,1,photometry_primary,flux_model_hsc_nb1010,double precision,source_native
master_catalog,/mnt/nvme01/cosmos-web-dr1-catalog/COSMOSWeb_mastercatalog_v1.1_photom_primary.fits,HDU 1 [PHOTOMETRY HOTCOLD AND SE++],flux_model_uvista-y,D,1,photometry_primary,flux_model_uvista_y,double precision,source_native
master_catalog,/mnt/nvme01/cosmos-web-dr1-catalog/COSMOSWeb_mastercatalog_v1.1_photom_primary.fits,HDU 1 [PHOTOMETRY HOTCOLD AND SE++],flux_model_uvista-j,D,1,photometry_primary,flux_model_uvista_j,double precision,source_native
master_catalog,/mnt/nvme01/cosmos-web-dr1-catalog/COSMOSWeb_mastercatalog_v1.1_photom_primary.fits,HDU 1 [PHOTOMETRY HOTCOLD AND SE++],flux_model_uvista-h,D,1,photometry_primary,flux_model_uvista_h,double precision,source_native
master_catalog,/mnt/nvme01/cosmos-web-dr1-catalog/COSMOSWeb_mastercatalog_v1.1_photom_primary.fits,HDU 1 [PHOTOMETRY HOTCOLD AND SE++],flux_model_uvista-ks,D,1,photometry_primary,flux_model_uvista_ks,double precision,source_native
master_catalog,/mnt/nvme01/cosmos-web-dr1-catalog/COSMOSWeb_mastercatalog_v1.1_photom_primary.fits,HDU 1 [PHOTOMETRY HOTCOLD AND SE++],flux_model_uvista-nb118,D,1,photometry_primary,flux_model_uvista_nb118,double precision,source_native
master_catalog,/mnt/nvme01/cosmos-web-dr1-catalog/COSMOSWeb_mastercatalog_v1.1_photom_primary.fits,HDU 1 [PHOTOMETRY HOTCOLD AND SE++],flux_model_sc-ia484,D,1,photometry_primary,flux_model_sc_ia484,double precision,source_native
master_catalog,/mnt/nvme01/cosmos-web-dr1-catalog/COSMOSWeb_mastercatalog_v1.1_photom_primary.fits,HDU 1 [PHOTOMETRY HOTCOLD AND SE++],flux_model_sc-ia527,D,1,photometry_primary,flux_model_sc_ia527,double precision,source_native
master_catalog,/mnt/nvme01/cosmos-web-dr1-catalog/COSMOSWeb_mastercatalog_v1.1_photom_primary.fits,HDU 1 [PHOTOMETRY HOTCOLD AND SE++],flux_model_sc-ia624,D,1,photometry_primary,flux_model_sc_ia624,double precision,source_native
master_catalog,/mnt/nvme01/cosmos-web-dr1-catalog/COSMOSWeb_mastercatalog_v1.1_photom_primary.fits,HDU 1 [PHOTOMETRY HOTCOLD AND SE++],flux_model_sc-ia679,D,1,photometry_primary,flux_model_sc_ia679,double precision,source_native
master_catalog,/mnt/nvme01/cosmos-web-dr1-catalog/COSMOSWeb_mastercatalog_v1.1_photom_primary.fits,HDU 1 [PHOTOMETRY HOTCOLD AND SE++],flux_model_sc-ia738,D,1,photometry_primary,flux_model_sc_ia738,double precision,source_native
master_catalog,/mnt/nvme01/cosmos-web-dr1-catalog/COSMOSWeb_mastercatalog_v1.1_photom_primary.fits,HDU 1 [PHOTOMETRY HOTCOLD AND SE++],flux_model_sc-ia767,D,1,photometry_primary,flux_model_sc_ia767,double precision,source_native
master_catalog,/mnt/nvme01/cosmos-web-dr1-catalog/COSMOSWeb_mastercatalog_v1.1_photom_primary.fits,HDU 1 [PHOTOMETRY HOTCOLD AND SE++],flux_model_sc-ib427,D,1,photometry_primary,flux_model_sc_ib427,double precision,source_native
master_catalog,/mnt/nvme01/cosmos-web-dr1-catalog/COSMOSWeb_mastercatalog_v1.1_photom_primary.fits,HDU 1 [PHOTOMETRY HOTCOLD AND SE++],flux_model_sc-ib505,D,1,photometry_primary,flux_model_sc_ib505,double precision,source_native
master_catalog,/mnt/nvme01/cosmos-web-dr1-catalog/COSMOSWeb_mastercatalog_v1.1_photom_primary.fits,HDU 1 [PHOTOMETRY HOTCOLD AND SE++],flux_model_sc-ib574,D,1,photometry_primary,flux_model_sc_ib574,double precision,source_native
master_catalog,/mnt/nvme01/cosmos-web-dr1-catalog/COSMOSWeb_mastercatalog_v1.1_photom_primary.fits,HDU 1 [PHOTOMETRY HOTCOLD AND SE++],flux_model_sc-ib709,D,1,photometry_primary,flux_model_sc_ib709,double precision,source_native
master_catalog,/mnt/nvme01/cosmos-web-dr1-catalog/COSMOSWeb_mastercatalog_v1.1_photom_primary.fits,HDU 1 [PHOTOMETRY HOTCOLD AND SE++],flux_model_sc-ib827,D,1,photometry_primary,flux_model_sc_ib827,double precision,source_native
master_catalog,/mnt/nvme01/cosmos-web-dr1-catalog/COSMOSWeb_mastercatalog_v1.1_photom_primary.fits,HDU 1 [PHOTOMETRY HOTCOLD AND SE++],flux_model_sc-nb711,D,1,photometry_primary,flux_model_sc_nb711,double precision,source_native
master_catalog,/mnt/nvme01/cosmos-web-dr1-catalog/COSMOSWeb_mastercatalog_v1.1_photom_primary.fits,HDU 1 [PHOTOMETRY HOTCOLD AND SE++],flux_model_sc-nb816,D,1,photometry_primary,flux_model_sc_nb816,double precision,source_native
master_catalog,/mnt/nvme01/cosmos-web-dr1-catalog/COSMOSWeb_mastercatalog_v1.1_photom_primary.fits,HDU 1 [PHOTOMETRY HOTCOLD AND SE++],flux_model_irac-ch1,D,1,photometry_primary,flux_model_irac_ch1,double precision,source_native
master_catalog,/mnt/nvme01/cosmos-web-dr1-catalog/COSMOSWeb_mastercatalog_v1.1_photom_primary.fits,HDU 1 [PHOTOMETRY HOTCOLD AND SE++],flux_model_irac-ch2,D,1,photometry_primary,flux_model_irac_ch2,double precision,source_native
master_catalog,/mnt/nvme01/cosmos-web-dr1-catalog/COSMOSWeb_mastercatalog_v1.1_photom_primary.fits,HDU 1 [PHOTOMETRY HOTCOLD AND SE++],flux_model_irac-ch3,D,1,photometry_primary,flux_model_irac_ch3,double precision,source_native
master_catalog,/mnt/nvme01/cosmos-web-dr1-catalog/COSMOSWeb_mastercatalog_v1.1_photom_primary.fits,HDU 1 [PHOTOMETRY HOTCOLD AND SE++],flux_model_irac-ch4,D,1,photometry_primary,flux_model_irac_ch4,double precision,source_native
master_catalog,/mnt/nvme01/cosmos-web-dr1-catalog/COSMOSWeb_mastercatalog_v1.1_photom_primary.fits,HDU 1 [PHOTOMETRY HOTCOLD AND SE++],flux_err-uncal_model_f115w,D,1,photometry_primary,flux_err_uncal_model_f115w,double precision,source_native
master_catalog,/mnt/nvme01/cosmos-web-dr1-catalog/COSMOSWeb_mastercatalog_v1.1_photom_primary.fits,HDU 1 [PHOTOMETRY HOTCOLD AND SE++],flux_err-uncal_model_f150w,D,1,photometry_primary,flux_err_uncal_model_f150w,double precision,source_native
master_catalog,/mnt/nvme01/cosmos-web-dr1-catalog/COSMOSWeb_mastercatalog_v1.1_photom_primary.fits,HDU 1 [PHOTOMETRY HOTCOLD AND SE++],flux_err-uncal_model_f277w,D,1,photometry_primary,flux_err_uncal_model_f277w,double precision,source_native
master_catalog,/mnt/nvme01/cosmos-web-dr1-catalog/COSMOSWeb_mastercatalog_v1.1_photom_primary.fits,HDU 1 [PHOTOMETRY HOTCOLD AND SE++],flux_err-uncal_model_f444w,D,1,photometry_primary,flux_err_uncal_model_f444w,double precision,source_native
master_catalog,/mnt/nvme01/cosmos-web-dr1-catalog/COSMOSWeb_mastercatalog_v1.1_photom_primary.fits,HDU 1 [PHOTOMETRY HOTCOLD AND SE++],flux_err-uncal_model_hst-f814w,D,1,photometry_primary,flux_err_uncal_model_hst_f814w,double precision,source_native
master_catalog,/mnt/nvme01/cosmos-web-dr1-catalog/COSMOSWeb_mastercatalog_v1.1_photom_primary.fits,HDU 1 [PHOTOMETRY HOTCOLD AND SE++],flux_err-uncal_model_f770w,D,1,photometry_primary,flux_err_uncal_model_f770w,double precision,source_native
master_catalog,/mnt/nvme01/cosmos-web-dr1-catalog/COSMOSWeb_mastercatalog_v1.1_photom_primary.fits,HDU 1 [PHOTOMETRY HOTCOLD AND SE++],flux_err-uncal_model_cfht-u,D,1,photometry_primary,flux_err_uncal_model_cfht_u,double precision,source_native
master_catalog,/mnt/nvme01/cosmos-web-dr1-catalog/COSMOSWeb_mastercatalog_v1.1_photom_primary.fits,HDU 1 [PHOTOMETRY HOTCOLD AND SE++],flux_err-uncal_model_hsc-g,D,1,photometry_primary,flux_err_uncal_model_hsc_g,double precision,source_native
master_catalog,/mnt/nvme01/cosmos-web-dr1-catalog/COSMOSWeb_mastercatalog_v1.1_photom_primary.fits,HDU 1 [PHOTOMETRY HOTCOLD AND SE++],flux_err-uncal_model_hsc-r,D,1,photometry_primary,flux_err_uncal_model_hsc_r,double precision,source_native
master_catalog,/mnt/nvme01/cosmos-web-dr1-catalog/COSMOSWeb_mastercatalog_v1.1_photom_primary.fits,HDU 1 [PHOTOMETRY HOTCOLD AND SE++],flux_err-uncal_model_hsc-i,D,1,photometry_primary,flux_err_uncal_model_hsc_i,double precision,source_native
master_catalog,/mnt/nvme01/cosmos-web-dr1-catalog/COSMOSWeb_mastercatalog_v1.1_photom_primary.fits,HDU 1 [PHOTOMETRY HOTCOLD AND SE++],flux_err-uncal_model_hsc-z,D,1,photometry_primary,flux_err_uncal_model_hsc_z,double precision,source_native
master_catalog,/mnt/nvme01/cosmos-web-dr1-catalog/COSMOSWeb_mastercatalog_v1.1_photom_primary.fits,HDU 1 [PHOTOMETRY HOTCOLD AND SE++],flux_err-uncal_model_hsc-y,D,1,photometry_primary,flux_err_uncal_model_hsc_y,double precision,source_native
master_catalog,/mnt/nvme01/cosmos-web-dr1-catalog/COSMOSWeb_mastercatalog_v1.1_photom_primary.fits,HDU 1 [PHOTOMETRY HOTCOLD AND SE++],flux_err-uncal_model_hsc-nb0816,D,1,photometry_primary,flux_err_uncal_model_hsc_nb0816,double precision,source_native
master_catalog,/mnt/nvme01/cosmos-web-dr1-catalog/COSMOSWeb_mastercatalog_v1.1_photom_primary.fits,HDU 1 [PHOTOMETRY HOTCOLD AND SE++],flux_err-uncal_model_hsc-nb0921,D,1,photometry_primary,flux_err_uncal_model_hsc_nb0921,double precision,source_native
master_catalog,/mnt/nvme01/cosmos-web-dr1-catalog/COSMOSWeb_mastercatalog_v1.1_photom_primary.fits,HDU 1 [PHOTOMETRY HOTCOLD AND SE++],flux_err-uncal_model_hsc-nb1010,D,1,photometry_primary,flux_err_uncal_model_hsc_nb1010,double precision,source_native
master_catalog,/mnt/nvme01/cosmos-web-dr1-catalog/COSMOSWeb_mastercatalog_v1.1_photom_primary.fits,HDU 1 [PHOTOMETRY HOTCOLD AND SE++],flux_err-uncal_model_uvista-y,D,1,photometry_primary,flux_err_uncal_model_uvista_y,double precision,source_native
master_catalog,/mnt/nvme01/cosmos-web-dr1-catalog/COSMOSWeb_mastercatalog_v1.1_photom_primary.fits,HDU 1 [PHOTOMETRY HOTCOLD AND SE++],flux_err-uncal_model_uvista-j,D,1,photometry_primary,flux_err_uncal_model_uvista_j,double precision,source_native
master_catalog,/mnt/nvme01/cosmos-web-dr1-catalog/COSMOSWeb_mastercatalog_v1.1_photom_primary.fits,HDU 1 [PHOTOMETRY HOTCOLD AND SE++],flux_err-uncal_model_uvista-h,D,1,photometry_primary,flux_err_uncal_model_uvista_h,double precision,source_native
master_catalog,/mnt/nvme01/cosmos-web-dr1-catalog/COSMOSWeb_mastercatalog_v1.1_photom_primary.fits,HDU 1 [PHOTOMETRY HOTCOLD AND SE++],flux_err-uncal_model_uvista-ks,D,1,photometry_primary,flux_err_uncal_model_uvista_ks,double precision,source_native
master_catalog,/mnt/nvme01/cosmos-web-dr1-catalog/COSMOSWeb_mastercatalog_v1.1_photom_primary.fits,HDU 1 [PHOTOMETRY HOTCOLD AND SE++],flux_err-uncal_model_uvista-nb118,D,1,photometry_primary,flux_err_uncal_model_uvista_nb118,double precision,source_native
master_catalog,/mnt/nvme01/cosmos-web-dr1-catalog/COSMOSWeb_mastercatalog_v1.1_photom_primary.fits,HDU 1 [PHOTOMETRY HOTCOLD AND SE++],flux_err-uncal_model_sc-ia484,D,1,photometry_primary,flux_err_uncal_model_sc_ia484,double precision,source_native
master_catalog,/mnt/nvme01/cosmos-web-dr1-catalog/COSMOSWeb_mastercatalog_v1.1_photom_primary.fits,HDU 1 [PHOTOMETRY HOTCOLD AND SE++],flux_err-uncal_model_sc-ia527,D,1,photometry_primary,flux_err_uncal_model_sc_ia527,double precision,source_native
master_catalog,/mnt/nvme01/cosmos-web-dr1-catalog/COSMOSWeb_mastercatalog_v1.1_photom_primary.fits,HDU 1 [PHOTOMETRY HOTCOLD AND SE++],flux_err-uncal_model_sc-ia624,D,1,photometry_primary,flux_err_uncal_model_sc_ia624,double precision,source_native
master_catalog,/mnt/nvme01/cosmos-web-dr1-catalog/COSMOSWeb_mastercatalog_v1.1_photom_primary.fits,HDU 1 [PHOTOMETRY HOTCOLD AND SE++],flux_err-uncal_model_sc-ia679,D,1,photometry_primary,flux_err_uncal_model_sc_ia679,double precision,source_native
master_catalog,/mnt/nvme01/cosmos-web-dr1-catalog/COSMOSWeb_mastercatalog_v1.1_photom_primary.fits,HDU 1 [PHOTOMETRY HOTCOLD AND SE++],flux_err-uncal_model_sc-ia738,D,1,photometry_primary,flux_err_uncal_model_sc_ia738,double precision,source_native
master_catalog,/mnt/nvme01/cosmos-web-dr1-catalog/COSMOSWeb_mastercatalog_v1.1_photom_primary.fits,HDU 1 [PHOTOMETRY HOTCOLD AND SE++],flux_err-uncal_model_sc-ia767,D,1,photometry_primary,flux_err_uncal_model_sc_ia767,double precision,source_native
master_catalog,/mnt/nvme01/cosmos-web-dr1-catalog/COSMOSWeb_mastercatalog_v1.1_photom_primary.fits,HDU 1 [PHOTOMETRY HOTCOLD AND SE++],flux_err-uncal_model_sc-ib427,D,1,photometry_primary,flux_err_uncal_model_sc_ib427,double precision,source_native
master_catalog,/mnt/nvme01/cosmos-web-dr1-catalog/COSMOSWeb_mastercatalog_v1.1_photom_primary.fits,HDU 1 [PHOTOMETRY HOTCOLD AND SE++],flux_err-uncal_model_sc-ib505,D,1,photometry_primary,flux_err_uncal_model_sc_ib505,double precision,source_native
master_catalog,/mnt/nvme01/cosmos-web-dr1-catalog/COSMOSWeb_mastercatalog_v1.1_photom_primary.fits,HDU 1 [PHOTOMETRY HOTCOLD AND SE++],flux_err-uncal_model_sc-ib574,D,1,photometry_primary,flux_err_uncal_model_sc_ib574,double precision,source_native
master_catalog,/mnt/nvme01/cosmos-web-dr1-catalog/COSMOSWeb_mastercatalog_v1.1_photom_primary.fits,HDU 1 [PHOTOMETRY HOTCOLD AND SE++],flux_err-uncal_model_sc-ib709,D,1,photometry_primary,flux_err_uncal_model_sc_ib709,double precision,source_native
master_catalog,/mnt/nvme01/cosmos-web-dr1-catalog/COSMOSWeb_mastercatalog_v1.1_photom_primary.fits,HDU 1 [PHOTOMETRY HOTCOLD AND SE++],flux_err-uncal_model_sc-ib827,D,1,photometry_primary,flux_err_uncal_model_sc_ib827,double precision,source_native
master_catalog,/mnt/nvme01/cosmos-web-dr1-catalog/COSMOSWeb_mastercatalog_v1.1_photom_primary.fits,HDU 1 [PHOTOMETRY HOTCOLD AND SE++],flux_err-uncal_model_sc-nb711,D,1,photometry_primary,flux_err_uncal_model_sc_nb711,double precision,source_native
master_catalog,/mnt/nvme01/cosmos-web-dr1-catalog/COSMOSWeb_mastercatalog_v1.1_photom_primary.fits,HDU 1 [PHOTOMETRY HOTCOLD AND SE++],flux_err-uncal_model_sc-nb816,D,1,photometry_primary,flux_err_uncal_model_sc_nb816,double precision,source_native
master_catalog,/mnt/nvme01/cosmos-web-dr1-catalog/COSMOSWeb_mastercatalog_v1.1_photom_primary.fits,HDU 1 [PHOTOMETRY HOTCOLD AND SE++],flux_err-uncal_model_irac-ch1,D,1,photometry_primary,flux_err_uncal_model_irac_ch1,double precision,source_native
master_catalog,/mnt/nvme01/cosmos-web-dr1-catalog/COSMOSWeb_mastercatalog_v1.1_photom_primary.fits,HDU 1 [PHOTOMETRY HOTCOLD AND SE++],flux_err-uncal_model_irac-ch2,D,1,photometry_primary,flux_err_uncal_model_irac_ch2,double precision,source_native
master_catalog,/mnt/nvme01/cosmos-web-dr1-catalog/COSMOSWeb_mastercatalog_v1.1_photom_primary.fits,HDU 1 [PHOTOMETRY HOTCOLD AND SE++],flux_err-uncal_model_irac-ch3,D,1,photometry_primary,flux_err_uncal_model_irac_ch3,double precision,source_native
master_catalog,/mnt/nvme01/cosmos-web-dr1-catalog/COSMOSWeb_mastercatalog_v1.1_photom_primary.fits,HDU 1 [PHOTOMETRY HOTCOLD AND SE++],flux_err-uncal_model_irac-ch4,D,1,photometry_primary,flux_err_uncal_model_irac_ch4,double precision,source_native
master_catalog,/mnt/nvme01/cosmos-web-dr1-catalog/COSMOSWeb_mastercatalog_v1.1_photom_primary.fits,HDU 1 [PHOTOMETRY HOTCOLD AND SE++],flag_star_hsc,I,1,photometry_primary,flag_star_hsc,smallint,source_native
master_catalog,/mnt/nvme01/cosmos-web-dr1-catalog/COSMOSWeb_mastercatalog_v1.1_photom_primary.fits,HDU 1 [PHOTOMETRY HOTCOLD AND SE++],flux_err-cal_model_f115w,D,1,photometry_primary,flux_err_cal_model_f115w,double precision,source_native
master_catalog,/mnt/nvme01/cosmos-web-dr1-catalog/COSMOSWeb_mastercatalog_v1.1_photom_primary.fits,HDU 1 [PHOTOMETRY HOTCOLD AND SE++],flux_err-cal_model_f150w,D,1,photometry_primary,flux_err_cal_model_f150w,double precision,source_native
master_catalog,/mnt/nvme01/cosmos-web-dr1-catalog/COSMOSWeb_mastercatalog_v1.1_photom_primary.fits,HDU 1 [PHOTOMETRY HOTCOLD AND SE++],flux_err-cal_model_f277w,D,1,photometry_primary,flux_err_cal_model_f277w,double precision,source_native
master_catalog,/mnt/nvme01/cosmos-web-dr1-catalog/COSMOSWeb_mastercatalog_v1.1_photom_primary.fits,HDU 1 [PHOTOMETRY HOTCOLD AND SE++],flux_err-cal_model_f444w,D,1,photometry_primary,flux_err_cal_model_f444w,double precision,source_native
master_catalog,/mnt/nvme01/cosmos-web-dr1-catalog/COSMOSWeb_mastercatalog_v1.1_photom_primary.fits,HDU 1 [PHOTOMETRY HOTCOLD AND SE++],flux_err-cal_model_hst-f814w,D,1,photometry_primary,flux_err_cal_model_hst_f814w,double precision,source_native
master_catalog,/mnt/nvme01/cosmos-web-dr1-catalog/COSMOSWeb_mastercatalog_v1.1_photom_primary.fits,HDU 1 [PHOTOMETRY HOTCOLD AND SE++],flux_err-cal_model_f770w,D,1,photometry_primary,flux_err_cal_model_f770w,double precision,source_native
master_catalog,/mnt/nvme01/cosmos-web-dr1-catalog/COSMOSWeb_mastercatalog_v1.1_photom_primary.fits,HDU 1 [PHOTOMETRY HOTCOLD AND SE++],flux_err-cal_model_cfht-u,D,1,photometry_primary,flux_err_cal_model_cfht_u,double precision,source_native
master_catalog,/mnt/nvme01/cosmos-web-dr1-catalog/COSMOSWeb_mastercatalog_v1.1_photom_primary.fits,HDU 1 [PHOTOMETRY HOTCOLD AND SE++],flux_err-cal_model_hsc-g,D,1,photometry_primary,flux_err_cal_model_hsc_g,double precision,source_native
master_catalog,/mnt/nvme01/cosmos-web-dr1-catalog/COSMOSWeb_mastercatalog_v1.1_photom_primary.fits,HDU 1 [PHOTOMETRY HOTCOLD AND SE++],flux_err-cal_model_hsc-r,D,1,photometry_primary,flux_err_cal_model_hsc_r,double precision,source_native
master_catalog,/mnt/nvme01/cosmos-web-dr1-catalog/COSMOSWeb_mastercatalog_v1.1_photom_primary.fits,HDU 1 [PHOTOMETRY HOTCOLD AND SE++],flux_err-cal_model_hsc-i,D,1,photometry_primary,flux_err_cal_model_hsc_i,double precision,source_native
master_catalog,/mnt/nvme01/cosmos-web-dr1-catalog/COSMOSWeb_mastercatalog_v1.1_photom_primary.fits,HDU 1 [PHOTOMETRY HOTCOLD AND SE++],flux_err-cal_model_hsc-z,D,1,photometry_primary,flux_err_cal_model_hsc_z,double precision,source_native
master_catalog,/mnt/nvme01/cosmos-web-dr1-catalog/COSMOSWeb_mastercatalog_v1.1_photom_primary.fits,HDU 1 [PHOTOMETRY HOTCOLD AND SE++],flux_err-cal_model_hsc-y,D,1,photometry_primary,flux_err_cal_model_hsc_y,double precision,source_native
master_catalog,/mnt/nvme01/cosmos-web-dr1-catalog/COSMOSWeb_mastercatalog_v1.1_photom_primary.fits,HDU 1 [PHOTOMETRY HOTCOLD AND SE++],flux_err-cal_model_hsc-nb0816,D,1,photometry_primary,flux_err_cal_model_hsc_nb0816,double precision,source_native
master_catalog,/mnt/nvme01/cosmos-web-dr1-catalog/COSMOSWeb_mastercatalog_v1.1_photom_primary.fits,HDU 1 [PHOTOMETRY HOTCOLD AND SE++],flux_err-cal_model_hsc-nb0921,D,1,photometry_primary,flux_err_cal_model_hsc_nb0921,double precision,source_native
master_catalog,/mnt/nvme01/cosmos-web-dr1-catalog/COSMOSWeb_mastercatalog_v1.1_photom_primary.fits,HDU 1 [PHOTOMETRY HOTCOLD AND SE++],flux_err-cal_model_hsc-nb1010,D,1,photometry_primary,flux_err_cal_model_hsc_nb1010,double precision,source_native
master_catalog,/mnt/nvme01/cosmos-web-dr1-catalog/COSMOSWeb_mastercatalog_v1.1_photom_primary.fits,HDU 1 [PHOTOMETRY HOTCOLD AND SE++],flux_err-cal_model_uvista-y,D,1,photometry_primary,flux_err_cal_model_uvista_y,double precision,source_native
master_catalog,/mnt/nvme01/cosmos-web-dr1-catalog/COSMOSWeb_mastercatalog_v1.1_photom_primary.fits,HDU 1 [PHOTOMETRY HOTCOLD AND SE++],flux_err-cal_model_uvista-j,D,1,photometry_primary,flux_err_cal_model_uvista_j,double precision,source_native
master_catalog,/mnt/nvme01/cosmos-web-dr1-catalog/COSMOSWeb_mastercatalog_v1.1_photom_primary.fits,HDU 1 [PHOTOMETRY HOTCOLD AND SE++],flux_err-cal_model_uvista-h,D,1,photometry_primary,flux_err_cal_model_uvista_h,double precision,source_native
master_catalog,/mnt/nvme01/cosmos-web-dr1-catalog/COSMOSWeb_mastercatalog_v1.1_photom_primary.fits,HDU 1 [PHOTOMETRY HOTCOLD AND SE++],flux_err-cal_model_uvista-ks,D,1,photometry_primary,flux_err_cal_model_uvista_ks,double precision,source_native
master_catalog,/mnt/nvme01/cosmos-web-dr1-catalog/COSMOSWeb_mastercatalog_v1.1_photom_primary.fits,HDU 1 [PHOTOMETRY HOTCOLD AND SE++],flux_err-cal_model_uvista-nb118,D,1,photometry_primary,flux_err_cal_model_uvista_nb118,double precision,source_native
master_catalog,/mnt/nvme01/cosmos-web-dr1-catalog/COSMOSWeb_mastercatalog_v1.1_photom_primary.fits,HDU 1 [PHOTOMETRY HOTCOLD AND SE++],flux_err-cal_model_sc-ia484,D,1,photometry_primary,flux_err_cal_model_sc_ia484,double precision,source_native
master_catalog,/mnt/nvme01/cosmos-web-dr1-catalog/COSMOSWeb_mastercatalog_v1.1_photom_primary.fits,HDU 1 [PHOTOMETRY HOTCOLD AND SE++],flux_err-cal_model_sc-ia527,D,1,photometry_primary,flux_err_cal_model_sc_ia527,double precision,source_native
master_catalog,/mnt/nvme01/cosmos-web-dr1-catalog/COSMOSWeb_mastercatalog_v1.1_photom_primary.fits,HDU 1 [PHOTOMETRY HOTCOLD AND SE++],flux_err-cal_model_sc-ia624,D,1,photometry_primary,flux_err_cal_model_sc_ia624,double precision,source_native
master_catalog,/mnt/nvme01/cosmos-web-dr1-catalog/COSMOSWeb_mastercatalog_v1.1_photom_primary.fits,HDU 1 [PHOTOMETRY HOTCOLD AND SE++],flux_err-cal_model_sc-ia679,D,1,photometry_primary,flux_err_cal_model_sc_ia679,double precision,source_native
master_catalog,/mnt/nvme01/cosmos-web-dr1-catalog/COSMOSWeb_mastercatalog_v1.1_photom_primary.fits,HDU 1 [PHOTOMETRY HOTCOLD AND SE++],flux_err-cal_model_sc-ia738,D,1,photometry_primary,flux_err_cal_model_sc_ia738,double precision,source_native
master_catalog,/mnt/nvme01/cosmos-web-dr1-catalog/COSMOSWeb_mastercatalog_v1.1_photom_primary.fits,HDU 1 [PHOTOMETRY HOTCOLD AND SE++],flux_err-cal_model_sc-ia767,D,1,photometry_primary,flux_err_cal_model_sc_ia767,double precision,source_native
master_catalog,/mnt/nvme01/cosmos-web-dr1-catalog/COSMOSWeb_mastercatalog_v1.1_photom_primary.fits,HDU 1 [PHOTOMETRY HOTCOLD AND SE++],flux_err-cal_model_sc-ib427,D,1,photometry_primary,flux_err_cal_model_sc_ib427,double precision,source_native
master_catalog,/mnt/nvme01/cosmos-web-dr1-catalog/COSMOSWeb_mastercatalog_v1.1_photom_primary.fits,HDU 1 [PHOTOMETRY HOTCOLD AND SE++],flux_err-cal_model_sc-ib505,D,1,photometry_primary,flux_err_cal_model_sc_ib505,double precision,source_native
master_catalog,/mnt/nvme01/cosmos-web-dr1-catalog/COSMOSWeb_mastercatalog_v1.1_photom_primary.fits,HDU 1 [PHOTOMETRY HOTCOLD AND SE++],flux_err-cal_model_sc-ib574,D,1,photometry_primary,flux_err_cal_model_sc_ib574,double precision,source_native
master_catalog,/mnt/nvme01/cosmos-web-dr1-catalog/COSMOSWeb_mastercatalog_v1.1_photom_primary.fits,HDU 1 [PHOTOMETRY HOTCOLD AND SE++],flux_err-cal_model_sc-ib709,D,1,photometry_primary,flux_err_cal_model_sc_ib709,double precision,source_native
master_catalog,/mnt/nvme01/cosmos-web-dr1-catalog/COSMOSWeb_mastercatalog_v1.1_photom_primary.fits,HDU 1 [PHOTOMETRY HOTCOLD AND SE++],flux_err-cal_model_sc-ib827,D,1,photometry_primary,flux_err_cal_model_sc_ib827,double precision,source_native
master_catalog,/mnt/nvme01/cosmos-web-dr1-catalog/COSMOSWeb_mastercatalog_v1.1_photom_primary.fits,HDU 1 [PHOTOMETRY HOTCOLD AND SE++],flux_err-cal_model_sc-nb711,D,1,photometry_primary,flux_err_cal_model_sc_nb711,double precision,source_native
master_catalog,/mnt/nvme01/cosmos-web-dr1-catalog/COSMOSWeb_mastercatalog_v1.1_photom_primary.fits,HDU 1 [PHOTOMETRY HOTCOLD AND SE++],flux_err-cal_model_sc-nb816,D,1,photometry_primary,flux_err_cal_model_sc_nb816,double precision,source_native
master_catalog,/mnt/nvme01/cosmos-web-dr1-catalog/COSMOSWeb_mastercatalog_v1.1_photom_primary.fits,HDU 1 [PHOTOMETRY HOTCOLD AND SE++],flux_err-cal_model_irac-ch1,D,1,photometry_primary,flux_err_cal_model_irac_ch1,double precision,source_native
master_catalog,/mnt/nvme01/cosmos-web-dr1-catalog/COSMOSWeb_mastercatalog_v1.1_photom_primary.fits,HDU 1 [PHOTOMETRY HOTCOLD AND SE++],flux_err-cal_model_irac-ch2,D,1,photometry_primary,flux_err_cal_model_irac_ch2,double precision,source_native
master_catalog,/mnt/nvme01/cosmos-web-dr1-catalog/COSMOSWeb_mastercatalog_v1.1_photom_primary.fits,HDU 1 [PHOTOMETRY HOTCOLD AND SE++],flux_err-cal_model_irac-ch3,D,1,photometry_primary,flux_err_cal_model_irac_ch3,double precision,source_native
master_catalog,/mnt/nvme01/cosmos-web-dr1-catalog/COSMOSWeb_mastercatalog_v1.1_photom_primary.fits,HDU 1 [PHOTOMETRY HOTCOLD AND SE++],flux_err-cal_model_irac-ch4,D,1,photometry_primary,flux_err_cal_model_irac_ch4,double precision,source_native
master_catalog,/mnt/nvme01/cosmos-web-dr1-catalog/COSMOSWeb_mastercatalog_v1.1_photom_primary.fits,HDU 1 [PHOTOMETRY HOTCOLD AND SE++],warn_flag,K,1,photometry_primary,warn_flag,bigint,source_native
master_catalog,/mnt/nvme01/cosmos-web-dr1-catalog/COSMOSWeb_mastercatalog_v1.1_lephare.fits,HDU 1 [LEPHARE],zfinal,D,1,lephare,zfinal,double precision,source_native
master_catalog,/mnt/nvme01/cosmos-web-dr1-catalog/COSMOSWeb_mastercatalog_v1.1_lephare.fits,HDU 1 [LEPHARE],type,K,1,lephare,type,bigint,source_native
master_catalog,/mnt/nvme01/cosmos-web-dr1-catalog/COSMOSWeb_mastercatalog_v1.1_lephare.fits,HDU 1 [LEPHARE],zpdf_med,D,1,lephare,zpdf_med,double precision,source_native
master_catalog,/mnt/nvme01/cosmos-web-dr1-catalog/COSMOSWeb_mastercatalog_v1.1_lephare.fits,HDU 1 [LEPHARE],zpdf_l68,D,1,lephare,zpdf_l68,double precision,source_native
master_catalog,/mnt/nvme01/cosmos-web-dr1-catalog/COSMOSWeb_mastercatalog_v1.1_lephare.fits,HDU 1 [LEPHARE],zpdf_u68,D,1,lephare,zpdf_u68,double precision,source_native
master_catalog,/mnt/nvme01/cosmos-web-dr1-catalog/COSMOSWeb_mastercatalog_v1.1_lephare.fits,HDU 1 [LEPHARE],zchi2,D,1,lephare,zchi2,double precision,source_native
master_catalog,/mnt/nvme01/cosmos-web-dr1-catalog/COSMOSWeb_mastercatalog_v1.1_lephare.fits,HDU 1 [LEPHARE],chi2_best,D,1,lephare,chi2_best,double precision,source_native
master_catalog,/mnt/nvme01/cosmos-web-dr1-catalog/COSMOSWeb_mastercatalog_v1.1_lephare.fits,HDU 1 [LEPHARE],nbfilt,K,1,lephare,nbfilt,bigint,source_native
master_catalog,/mnt/nvme01/cosmos-web-dr1-catalog/COSMOSWeb_mastercatalog_v1.1_lephare.fits,HDU 1 [LEPHARE],zp_agn,D,1,lephare,zp_agn,double precision,source_native
master_catalog,/mnt/nvme01/cosmos-web-dr1-catalog/COSMOSWeb_mastercatalog_v1.1_lephare.fits,HDU 1 [LEPHARE],chi2_agn,D,1,lephare,chi2_agn,double precision,source_native
master_catalog,/mnt/nvme01/cosmos-web-dr1-catalog/COSMOSWeb_mastercatalog_v1.1_lephare.fits,HDU 1 [LEPHARE],mod_agn,D,1,lephare,mod_agn,double precision,source_native
master_catalog,/mnt/nvme01/cosmos-web-dr1-catalog/COSMOSWeb_mastercatalog_v1.1_lephare.fits,HDU 1 [LEPHARE],mod_star,D,1,lephare,mod_star,double precision,source_native
master_catalog,/mnt/nvme01/cosmos-web-dr1-catalog/COSMOSWeb_mastercatalog_v1.1_lephare.fits,HDU 1 [LEPHARE],chi_star,D,1,lephare,chi_star,double precision,source_native
master_catalog,/mnt/nvme01/cosmos-web-dr1-catalog/COSMOSWeb_mastercatalog_v1.1_lephare.fits,HDU 1 [LEPHARE],mod_minchi2_phys,K,1,lephare,mod_minchi2_phys,bigint,source_native
master_catalog,/mnt/nvme01/cosmos-web-dr1-catalog/COSMOSWeb_mastercatalog_v1.1_lephare.fits,HDU 1 [LEPHARE],ebv_minchi2,D,1,lephare,ebv_minchi2,double precision,source_native
master_catalog,/mnt/nvme01/cosmos-web-dr1-catalog/COSMOSWeb_mastercatalog_v1.1_lephare.fits,HDU 1 [LEPHARE],law_minchi2,K,1,lephare,law_minchi2,bigint,source_native
master_catalog,/mnt/nvme01/cosmos-web-dr1-catalog/COSMOSWeb_mastercatalog_v1.1_lephare.fits,HDU 1 [LEPHARE],age_minchi2,D,1,lephare,age_minchi2,double precision,source_native
master_catalog,/mnt/nvme01/cosmos-web-dr1-catalog/COSMOSWeb_mastercatalog_v1.1_lephare.fits,HDU 1 [LEPHARE],mass_minchi2,D,1,lephare,mass_minchi2,double precision,source_native
master_catalog,/mnt/nvme01/cosmos-web-dr1-catalog/COSMOSWeb_mastercatalog_v1.1_lephare.fits,HDU 1 [LEPHARE],sfr_minchi2,D,1,lephare,sfr_minchi2,double precision,source_native
master_catalog,/mnt/nvme01/cosmos-web-dr1-catalog/COSMOSWeb_mastercatalog_v1.1_lephare.fits,HDU 1 [LEPHARE],ssfr_minchi2,D,1,lephare,ssfr_minchi2,double precision,source_native
master_catalog,/mnt/nvme01/cosmos-web-dr1-catalog/COSMOSWeb_mastercatalog_v1.1_lephare.fits,HDU 1 [LEPHARE],age_l68,D,1,lephare,age_l68,double precision,source_native
master_catalog,/mnt/nvme01/cosmos-web-dr1-catalog/COSMOSWeb_mastercatalog_v1.1_lephare.fits,HDU 1 [LEPHARE],age_med,D,1,lephare,age_med,double precision,source_native
master_catalog,/mnt/nvme01/cosmos-web-dr1-catalog/COSMOSWeb_mastercatalog_v1.1_lephare.fits,HDU 1 [LEPHARE],age_u68,D,1,lephare,age_u68,double precision,source_native
master_catalog,/mnt/nvme01/cosmos-web-dr1-catalog/COSMOSWeb_mastercatalog_v1.1_lephare.fits,HDU 1 [LEPHARE],mass_l68,D,1,lephare,mass_l68,double precision,source_native
master_catalog,/mnt/nvme01/cosmos-web-dr1-catalog/COSMOSWeb_mastercatalog_v1.1_lephare.fits,HDU 1 [LEPHARE],mass_med,D,1,lephare,mass_med,double precision,source_native
master_catalog,/mnt/nvme01/cosmos-web-dr1-catalog/COSMOSWeb_mastercatalog_v1.1_lephare.fits,HDU 1 [LEPHARE],mass_u68,D,1,lephare,mass_u68,double precision,source_native
master_catalog,/mnt/nvme01/cosmos-web-dr1-catalog/COSMOSWeb_mastercatalog_v1.1_lephare.fits,HDU 1 [LEPHARE],sfr_l68,D,1,lephare,sfr_l68,double precision,source_native
master_catalog,/mnt/nvme01/cosmos-web-dr1-catalog/COSMOSWeb_mastercatalog_v1.1_lephare.fits,HDU 1 [LEPHARE],sfr_med,D,1,lephare,sfr_med,double precision,source_native
master_catalog,/mnt/nvme01/cosmos-web-dr1-catalog/COSMOSWeb_mastercatalog_v1.1_lephare.fits,HDU 1 [LEPHARE],sfr_u68,D,1,lephare,sfr_u68,double precision,source_native
master_catalog,/mnt/nvme01/cosmos-web-dr1-catalog/COSMOSWeb_mastercatalog_v1.1_lephare.fits,HDU 1 [LEPHARE],ssfr_l68,D,1,lephare,ssfr_l68,double precision,source_native
master_catalog,/mnt/nvme01/cosmos-web-dr1-catalog/COSMOSWeb_mastercatalog_v1.1_lephare.fits,HDU 1 [LEPHARE],ssfr_med,D,1,lephare,ssfr_med,double precision,source_native
master_catalog,/mnt/nvme01/cosmos-web-dr1-catalog/COSMOSWeb_mastercatalog_v1.1_lephare.fits,HDU 1 [LEPHARE],ssfr_u68,D,1,lephare,ssfr_u68,double precision,source_native
master_catalog,/mnt/nvme01/cosmos-web-dr1-catalog/COSMOSWeb_mastercatalog_v1.1_lephare.fits,HDU 1 [LEPHARE],l_nuv,D,1,lephare,l_nuv,double precision,source_native
master_catalog,/mnt/nvme01/cosmos-web-dr1-catalog/COSMOSWeb_mastercatalog_v1.1_lephare.fits,HDU 1 [LEPHARE],l_r,D,1,lephare,l_r,double precision,source_native
master_catalog,/mnt/nvme01/cosmos-web-dr1-catalog/COSMOSWeb_mastercatalog_v1.1_lephare.fits,HDU 1 [LEPHARE],l_k,D,1,lephare,l_k,double precision,source_native
master_catalog,/mnt/nvme01/cosmos-web-dr1-catalog/COSMOSWeb_mastercatalog_v1.1_lephare.fits,HDU 1 [LEPHARE],mabs_nuv,D,1,lephare,mabs_nuv,double precision,source_native
master_catalog,/mnt/nvme01/cosmos-web-dr1-catalog/COSMOSWeb_mastercatalog_v1.1_lephare.fits,HDU 1 [LEPHARE],mabs_r,D,1,lephare,mabs_r,double precision,source_native
master_catalog,/mnt/nvme01/cosmos-web-dr1-catalog/COSMOSWeb_mastercatalog_v1.1_lephare.fits,HDU 1 [LEPHARE],mabs_j,D,1,lephare,mabs_j,double precision,source_native
master_catalog,/mnt/nvme01/cosmos-web-dr1-catalog/COSMOSWeb_mastercatalog_v1.1_lephare.fits,HDU 1 [LEPHARE],mabs_k,D,1,lephare,mabs_k,double precision,source_native
master_catalog,/mnt/nvme01/cosmos-web-dr1-catalog/COSMOSWeb_mastercatalog_v1.1_lephare.fits,HDU 1 [LEPHARE],flag_chandra,D,1,lephare,flag_chandra,double precision,source_native
master_catalog,/mnt/nvme01/cosmos-web-dr1-catalog/COSMOSWeb_mastercatalog_v1.1_lephare.fits,HDU 1 [LEPHARE],zpdf_med_space,D,1,lephare,zpdf_med_space,double precision,source_native
master_catalog,/mnt/nvme01/cosmos-web-dr1-catalog/COSMOSWeb_mastercatalog_v1.1_lephare.fits,HDU 1 [LEPHARE],zpdf_l68_space,D,1,lephare,zpdf_l68_space,double precision,source_native
master_catalog,/mnt/nvme01/cosmos-web-dr1-catalog/COSMOSWeb_mastercatalog_v1.1_lephare.fits,HDU 1 [LEPHARE],zpdf_u68_space,D,1,lephare,zpdf_u68_space,double precision,source_native
master_catalog,/mnt/nvme01/cosmos-web-dr1-catalog/COSMOSWeb_mastercatalog_v1.1_photom_secondary.fits,HDU 1 [SE++APER],mag_aper_f115w,5E,5,photometry_aper,mag_aper_f115w,real[],source_native
master_catalog,/mnt/nvme01/cosmos-web-dr1-catalog/COSMOSWeb_mastercatalog_v1.1_photom_secondary.fits,HDU 1 [SE++APER],mag_aper_f150w,5E,5,photometry_aper,mag_aper_f150w,real[],source_native
master_catalog,/mnt/nvme01/cosmos-web-dr1-catalog/COSMOSWeb_mastercatalog_v1.1_photom_secondary.fits,HDU 1 [SE++APER],mag_aper_f277w,5E,5,photometry_aper,mag_aper_f277w,real[],source_native
master_catalog,/mnt/nvme01/cosmos-web-dr1-catalog/COSMOSWeb_mastercatalog_v1.1_photom_secondary.fits,HDU 1 [SE++APER],mag_aper_f444w,5E,5,photometry_aper,mag_aper_f444w,real[],source_native
master_catalog,/mnt/nvme01/cosmos-web-dr1-catalog/COSMOSWeb_mastercatalog_v1.1_photom_secondary.fits,HDU 1 [SE++APER],mag_aper_hst-f814w,5E,5,photometry_aper,mag_aper_hst_f814w,real[],source_native
master_catalog,/mnt/nvme01/cosmos-web-dr1-catalog/COSMOSWeb_mastercatalog_v1.1_photom_secondary.fits,HDU 1 [SE++APER],mag_aper_f770w,5E,5,photometry_aper,mag_aper_f770w,real[],source_native
master_catalog,/mnt/nvme01/cosmos-web-dr1-catalog/COSMOSWeb_mastercatalog_v1.1_photom_secondary.fits,HDU 1 [SE++APER],mag_aper_cfht-u,5E,5,photometry_aper,mag_aper_cfht_u,real[],source_native
master_catalog,/mnt/nvme01/cosmos-web-dr1-catalog/COSMOSWeb_mastercatalog_v1.1_photom_secondary.fits,HDU 1 [SE++APER],mag_aper_hsc-g,5E,5,photometry_aper,mag_aper_hsc_g,real[],source_native
master_catalog,/mnt/nvme01/cosmos-web-dr1-catalog/COSMOSWeb_mastercatalog_v1.1_photom_secondary.fits,HDU 1 [SE++APER],mag_aper_hsc-r,5E,5,photometry_aper,mag_aper_hsc_r,real[],source_native
master_catalog,/mnt/nvme01/cosmos-web-dr1-catalog/COSMOSWeb_mastercatalog_v1.1_photom_secondary.fits,HDU 1 [SE++APER],mag_aper_hsc-i,5E,5,photometry_aper,mag_aper_hsc_i,real[],source_native
master_catalog,/mnt/nvme01/cosmos-web-dr1-catalog/COSMOSWeb_mastercatalog_v1.1_photom_secondary.fits,HDU 1 [SE++APER],mag_aper_hsc-z,5E,5,photometry_aper,mag_aper_hsc_z,real[],source_native
master_catalog,/mnt/nvme01/cosmos-web-dr1-catalog/COSMOSWeb_mastercatalog_v1.1_photom_secondary.fits,HDU 1 [SE++APER],mag_aper_hsc-y,5E,5,photometry_aper,mag_aper_hsc_y,real[],source_native
master_catalog,/mnt/nvme01/cosmos-web-dr1-catalog/COSMOSWeb_mastercatalog_v1.1_photom_secondary.fits,HDU 1 [SE++APER],mag_aper_hsc-nb0816,5E,5,photometry_aper,mag_aper_hsc_nb0816,real[],source_native
master_catalog,/mnt/nvme01/cosmos-web-dr1-catalog/COSMOSWeb_mastercatalog_v1.1_photom_secondary.fits,HDU 1 [SE++APER],mag_aper_hsc-nb0921,5E,5,photometry_aper,mag_aper_hsc_nb0921,real[],source_native
master_catalog,/mnt/nvme01/cosmos-web-dr1-catalog/COSMOSWeb_mastercatalog_v1.1_photom_secondary.fits,HDU 1 [SE++APER],mag_aper_hsc-nb1010,5E,5,photometry_aper,mag_aper_hsc_nb1010,real[],source_native
master_catalog,/mnt/nvme01/cosmos-web-dr1-catalog/COSMOSWeb_mastercatalog_v1.1_photom_secondary.fits,HDU 1 [SE++APER],mag_aper_uvista-y,5E,5,photometry_aper,mag_aper_uvista_y,real[],source_native
master_catalog,/mnt/nvme01/cosmos-web-dr1-catalog/COSMOSWeb_mastercatalog_v1.1_photom_secondary.fits,HDU 1 [SE++APER],mag_aper_uvista-j,5E,5,photometry_aper,mag_aper_uvista_j,real[],source_native
master_catalog,/mnt/nvme01/cosmos-web-dr1-catalog/COSMOSWeb_mastercatalog_v1.1_photom_secondary.fits,HDU 1 [SE++APER],mag_aper_uvista-h,5E,5,photometry_aper,mag_aper_uvista_h,real[],source_native
master_catalog,/mnt/nvme01/cosmos-web-dr1-catalog/COSMOSWeb_mastercatalog_v1.1_photom_secondary.fits,HDU 1 [SE++APER],mag_aper_uvista-ks,5E,5,photometry_aper,mag_aper_uvista_ks,real[],source_native
master_catalog,/mnt/nvme01/cosmos-web-dr1-catalog/COSMOSWeb_mastercatalog_v1.1_photom_secondary.fits,HDU 1 [SE++APER],mag_aper_uvista-nb118,5E,5,photometry_aper,mag_aper_uvista_nb118,real[],source_native
master_catalog,/mnt/nvme01/cosmos-web-dr1-catalog/COSMOSWeb_mastercatalog_v1.1_photom_secondary.fits,HDU 1 [SE++APER],mag_aper_sc-ia484,5E,5,photometry_aper,mag_aper_sc_ia484,real[],source_native
master_catalog,/mnt/nvme01/cosmos-web-dr1-catalog/COSMOSWeb_mastercatalog_v1.1_photom_secondary.fits,HDU 1 [SE++APER],mag_aper_sc-ia527,5E,5,photometry_aper,mag_aper_sc_ia527,real[],source_native
master_catalog,/mnt/nvme01/cosmos-web-dr1-catalog/COSMOSWeb_mastercatalog_v1.1_photom_secondary.fits,HDU 1 [SE++APER],mag_aper_sc-ia624,5E,5,photometry_aper,mag_aper_sc_ia624,real[],source_native
master_catalog,/mnt/nvme01/cosmos-web-dr1-catalog/COSMOSWeb_mastercatalog_v1.1_photom_secondary.fits,HDU 1 [SE++APER],mag_aper_sc-ia679,5E,5,photometry_aper,mag_aper_sc_ia679,real[],source_native
master_catalog,/mnt/nvme01/cosmos-web-dr1-catalog/COSMOSWeb_mastercatalog_v1.1_photom_secondary.fits,HDU 1 [SE++APER],mag_aper_sc-ia738,5E,5,photometry_aper,mag_aper_sc_ia738,real[],source_native
master_catalog,/mnt/nvme01/cosmos-web-dr1-catalog/COSMOSWeb_mastercatalog_v1.1_photom_secondary.fits,HDU 1 [SE++APER],mag_aper_sc-ia767,5E,5,photometry_aper,mag_aper_sc_ia767,real[],source_native
master_catalog,/mnt/nvme01/cosmos-web-dr1-catalog/COSMOSWeb_mastercatalog_v1.1_photom_secondary.fits,HDU 1 [SE++APER],mag_aper_sc-ib427,5E,5,photometry_aper,mag_aper_sc_ib427,real[],source_native
master_catalog,/mnt/nvme01/cosmos-web-dr1-catalog/COSMOSWeb_mastercatalog_v1.1_photom_secondary.fits,HDU 1 [SE++APER],mag_aper_sc-ib505,5E,5,photometry_aper,mag_aper_sc_ib505,real[],source_native
master_catalog,/mnt/nvme01/cosmos-web-dr1-catalog/COSMOSWeb_mastercatalog_v1.1_photom_secondary.fits,HDU 1 [SE++APER],mag_aper_sc-ib574,5E,5,photometry_aper,mag_aper_sc_ib574,real[],source_native
master_catalog,/mnt/nvme01/cosmos-web-dr1-catalog/COSMOSWeb_mastercatalog_v1.1_photom_secondary.fits,HDU 1 [SE++APER],mag_aper_sc-ib709,5E,5,photometry_aper,mag_aper_sc_ib709,real[],source_native
master_catalog,/mnt/nvme01/cosmos-web-dr1-catalog/COSMOSWeb_mastercatalog_v1.1_photom_secondary.fits,HDU 1 [SE++APER],mag_aper_sc-ib827,5E,5,photometry_aper,mag_aper_sc_ib827,real[],source_native
master_catalog,/mnt/nvme01/cosmos-web-dr1-catalog/COSMOSWeb_mastercatalog_v1.1_photom_secondary.fits,HDU 1 [SE++APER],mag_aper_sc-nb711,5E,5,photometry_aper,mag_aper_sc_nb711,real[],source_native
master_catalog,/mnt/nvme01/cosmos-web-dr1-catalog/COSMOSWeb_mastercatalog_v1.1_photom_secondary.fits,HDU 1 [SE++APER],mag_aper_sc-nb816,5E,5,photometry_aper,mag_aper_sc_nb816,real[],source_native
master_catalog,/mnt/nvme01/cosmos-web-dr1-catalog/COSMOSWeb_mastercatalog_v1.1_photom_secondary.fits,HDU 1 [SE++APER],mag_aper_irac-ch1,5E,5,photometry_aper,mag_aper_irac_ch1,real[],source_native
master_catalog,/mnt/nvme01/cosmos-web-dr1-catalog/COSMOSWeb_mastercatalog_v1.1_photom_secondary.fits,HDU 1 [SE++APER],mag_aper_irac-ch2,5E,5,photometry_aper,mag_aper_irac_ch2,real[],source_native
master_catalog,/mnt/nvme01/cosmos-web-dr1-catalog/COSMOSWeb_mastercatalog_v1.1_photom_secondary.fits,HDU 1 [SE++APER],mag_aper_irac-ch3,5E,5,photometry_aper,mag_aper_irac_ch3,real[],source_native
master_catalog,/mnt/nvme01/cosmos-web-dr1-catalog/COSMOSWeb_mastercatalog_v1.1_photom_secondary.fits,HDU 1 [SE++APER],mag_aper_irac-ch4,5E,5,photometry_aper,mag_aper_irac_ch4,real[],source_native
master_catalog,/mnt/nvme01/cosmos-web-dr1-catalog/COSMOSWeb_mastercatalog_v1.1_photom_secondary.fits,HDU 1 [SE++APER],mag_err_aper_f115w,5E,5,photometry_aper,mag_err_aper_f115w,real[],source_native
master_catalog,/mnt/nvme01/cosmos-web-dr1-catalog/COSMOSWeb_mastercatalog_v1.1_photom_secondary.fits,HDU 1 [SE++APER],mag_err_aper_f150w,5E,5,photometry_aper,mag_err_aper_f150w,real[],source_native
master_catalog,/mnt/nvme01/cosmos-web-dr1-catalog/COSMOSWeb_mastercatalog_v1.1_photom_secondary.fits,HDU 1 [SE++APER],mag_err_aper_f277w,5E,5,photometry_aper,mag_err_aper_f277w,real[],source_native
master_catalog,/mnt/nvme01/cosmos-web-dr1-catalog/COSMOSWeb_mastercatalog_v1.1_photom_secondary.fits,HDU 1 [SE++APER],mag_err_aper_f444w,5E,5,photometry_aper,mag_err_aper_f444w,real[],source_native
master_catalog,/mnt/nvme01/cosmos-web-dr1-catalog/COSMOSWeb_mastercatalog_v1.1_photom_secondary.fits,HDU 1 [SE++APER],mag_err_aper_hst-f814w,5E,5,photometry_aper,mag_err_aper_hst_f814w,real[],source_native
master_catalog,/mnt/nvme01/cosmos-web-dr1-catalog/COSMOSWeb_mastercatalog_v1.1_photom_secondary.fits,HDU 1 [SE++APER],mag_err_aper_f770w,5E,5,photometry_aper,mag_err_aper_f770w,real[],source_native
master_catalog,/mnt/nvme01/cosmos-web-dr1-catalog/COSMOSWeb_mastercatalog_v1.1_photom_secondary.fits,HDU 1 [SE++APER],mag_err_aper_cfht-u,5E,5,photometry_aper,mag_err_aper_cfht_u,real[],source_native
master_catalog,/mnt/nvme01/cosmos-web-dr1-catalog/COSMOSWeb_mastercatalog_v1.1_photom_secondary.fits,HDU 1 [SE++APER],mag_err_aper_hsc-g,5E,5,photometry_aper,mag_err_aper_hsc_g,real[],source_native
master_catalog,/mnt/nvme01/cosmos-web-dr1-catalog/COSMOSWeb_mastercatalog_v1.1_photom_secondary.fits,HDU 1 [SE++APER],mag_err_aper_hsc-r,5E,5,photometry_aper,mag_err_aper_hsc_r,real[],source_native
master_catalog,/mnt/nvme01/cosmos-web-dr1-catalog/COSMOSWeb_mastercatalog_v1.1_photom_secondary.fits,HDU 1 [SE++APER],mag_err_aper_hsc-i,5E,5,photometry_aper,mag_err_aper_hsc_i,real[],source_native
master_catalog,/mnt/nvme01/cosmos-web-dr1-catalog/COSMOSWeb_mastercatalog_v1.1_photom_secondary.fits,HDU 1 [SE++APER],mag_err_aper_hsc-z,5E,5,photometry_aper,mag_err_aper_hsc_z,real[],source_native
master_catalog,/mnt/nvme01/cosmos-web-dr1-catalog/COSMOSWeb_mastercatalog_v1.1_photom_secondary.fits,HDU 1 [SE++APER],mag_err_aper_hsc-y,5E,5,photometry_aper,mag_err_aper_hsc_y,real[],source_native
master_catalog,/mnt/nvme01/cosmos-web-dr1-catalog/COSMOSWeb_mastercatalog_v1.1_photom_secondary.fits,HDU 1 [SE++APER],mag_err_aper_hsc-nb0816,5E,5,photometry_aper,mag_err_aper_hsc_nb0816,real[],source_native
master_catalog,/mnt/nvme01/cosmos-web-dr1-catalog/COSMOSWeb_mastercatalog_v1.1_photom_secondary.fits,HDU 1 [SE++APER],mag_err_aper_hsc-nb0921,5E,5,photometry_aper,mag_err_aper_hsc_nb0921,real[],source_native
master_catalog,/mnt/nvme01/cosmos-web-dr1-catalog/COSMOSWeb_mastercatalog_v1.1_photom_secondary.fits,HDU 1 [SE++APER],mag_err_aper_hsc-nb1010,5E,5,photometry_aper,mag_err_aper_hsc_nb1010,real[],source_native
master_catalog,/mnt/nvme01/cosmos-web-dr1-catalog/COSMOSWeb_mastercatalog_v1.1_photom_secondary.fits,HDU 1 [SE++APER],mag_err_aper_uvista-y,5E,5,photometry_aper,mag_err_aper_uvista_y,real[],source_native
master_catalog,/mnt/nvme01/cosmos-web-dr1-catalog/COSMOSWeb_mastercatalog_v1.1_photom_secondary.fits,HDU 1 [SE++APER],mag_err_aper_uvista-j,5E,5,photometry_aper,mag_err_aper_uvista_j,real[],source_native
master_catalog,/mnt/nvme01/cosmos-web-dr1-catalog/COSMOSWeb_mastercatalog_v1.1_photom_secondary.fits,HDU 1 [SE++APER],mag_err_aper_uvista-h,5E,5,photometry_aper,mag_err_aper_uvista_h,real[],source_native
master_catalog,/mnt/nvme01/cosmos-web-dr1-catalog/COSMOSWeb_mastercatalog_v1.1_photom_secondary.fits,HDU 1 [SE++APER],mag_err_aper_uvista-ks,5E,5,photometry_aper,mag_err_aper_uvista_ks,real[],source_native
master_catalog,/mnt/nvme01/cosmos-web-dr1-catalog/COSMOSWeb_mastercatalog_v1.1_photom_secondary.fits,HDU 1 [SE++APER],mag_err_aper_uvista-nb118,5E,5,photometry_aper,mag_err_aper_uvista_nb118,real[],source_native
master_catalog,/mnt/nvme01/cosmos-web-dr1-catalog/COSMOSWeb_mastercatalog_v1.1_photom_secondary.fits,HDU 1 [SE++APER],mag_err_aper_sc-ia484,5E,5,photometry_aper,mag_err_aper_sc_ia484,real[],source_native
master_catalog,/mnt/nvme01/cosmos-web-dr1-catalog/COSMOSWeb_mastercatalog_v1.1_photom_secondary.fits,HDU 1 [SE++APER],mag_err_aper_sc-ia527,5E,5,photometry_aper,mag_err_aper_sc_ia527,real[],source_native
master_catalog,/mnt/nvme01/cosmos-web-dr1-catalog/COSMOSWeb_mastercatalog_v1.1_photom_secondary.fits,HDU 1 [SE++APER],mag_err_aper_sc-ia624,5E,5,photometry_aper,mag_err_aper_sc_ia624,real[],source_native
master_catalog,/mnt/nvme01/cosmos-web-dr1-catalog/COSMOSWeb_mastercatalog_v1.1_photom_secondary.fits,HDU 1 [SE++APER],mag_err_aper_sc-ia679,5E,5,photometry_aper,mag_err_aper_sc_ia679,real[],source_native
master_catalog,/mnt/nvme01/cosmos-web-dr1-catalog/COSMOSWeb_mastercatalog_v1.1_photom_secondary.fits,HDU 1 [SE++APER],mag_err_aper_sc-ia738,5E,5,photometry_aper,mag_err_aper_sc_ia738,real[],source_native
master_catalog,/mnt/nvme01/cosmos-web-dr1-catalog/COSMOSWeb_mastercatalog_v1.1_photom_secondary.fits,HDU 1 [SE++APER],mag_err_aper_sc-ia767,5E,5,photometry_aper,mag_err_aper_sc_ia767,real[],source_native
master_catalog,/mnt/nvme01/cosmos-web-dr1-catalog/COSMOSWeb_mastercatalog_v1.1_photom_secondary.fits,HDU 1 [SE++APER],mag_err_aper_sc-ib427,5E,5,photometry_aper,mag_err_aper_sc_ib427,real[],source_native
master_catalog,/mnt/nvme01/cosmos-web-dr1-catalog/COSMOSWeb_mastercatalog_v1.1_photom_secondary.fits,HDU 1 [SE++APER],mag_err_aper_sc-ib505,5E,5,photometry_aper,mag_err_aper_sc_ib505,real[],source_native
master_catalog,/mnt/nvme01/cosmos-web-dr1-catalog/COSMOSWeb_mastercatalog_v1.1_photom_secondary.fits,HDU 1 [SE++APER],mag_err_aper_sc-ib574,5E,5,photometry_aper,mag_err_aper_sc_ib574,real[],source_native
master_catalog,/mnt/nvme01/cosmos-web-dr1-catalog/COSMOSWeb_mastercatalog_v1.1_photom_secondary.fits,HDU 1 [SE++APER],mag_err_aper_sc-ib709,5E,5,photometry_aper,mag_err_aper_sc_ib709,real[],source_native
master_catalog,/mnt/nvme01/cosmos-web-dr1-catalog/COSMOSWeb_mastercatalog_v1.1_photom_secondary.fits,HDU 1 [SE++APER],mag_err_aper_sc-ib827,5E,5,photometry_aper,mag_err_aper_sc_ib827,real[],source_native
master_catalog,/mnt/nvme01/cosmos-web-dr1-catalog/COSMOSWeb_mastercatalog_v1.1_photom_secondary.fits,HDU 1 [SE++APER],mag_err_aper_sc-nb711,5E,5,photometry_aper,mag_err_aper_sc_nb711,real[],source_native
master_catalog,/mnt/nvme01/cosmos-web-dr1-catalog/COSMOSWeb_mastercatalog_v1.1_photom_secondary.fits,HDU 1 [SE++APER],mag_err_aper_sc-nb816,5E,5,photometry_aper,mag_err_aper_sc_nb816,real[],source_native
master_catalog,/mnt/nvme01/cosmos-web-dr1-catalog/COSMOSWeb_mastercatalog_v1.1_photom_secondary.fits,HDU 1 [SE++APER],mag_err_aper_irac-ch1,5E,5,photometry_aper,mag_err_aper_irac_ch1,real[],source_native
master_catalog,/mnt/nvme01/cosmos-web-dr1-catalog/COSMOSWeb_mastercatalog_v1.1_photom_secondary.fits,HDU 1 [SE++APER],mag_err_aper_irac-ch2,5E,5,photometry_aper,mag_err_aper_irac_ch2,real[],source_native
master_catalog,/mnt/nvme01/cosmos-web-dr1-catalog/COSMOSWeb_mastercatalog_v1.1_photom_secondary.fits,HDU 1 [SE++APER],mag_err_aper_irac-ch3,5E,5,photometry_aper,mag_err_aper_irac_ch3,real[],source_native
master_catalog,/mnt/nvme01/cosmos-web-dr1-catalog/COSMOSWeb_mastercatalog_v1.1_photom_secondary.fits,HDU 1 [SE++APER],mag_err_aper_irac-ch4,5E,5,photometry_aper,mag_err_aper_irac_ch4,real[],source_native
master_catalog,/mnt/nvme01/cosmos-web-dr1-catalog/COSMOSWeb_mastercatalog_v1.1_photom_secondary.fits,HDU 1 [SE++APER],flux_aper_f115w,5E,5,photometry_aper,flux_aper_f115w,real[],source_native
master_catalog,/mnt/nvme01/cosmos-web-dr1-catalog/COSMOSWeb_mastercatalog_v1.1_photom_secondary.fits,HDU 1 [SE++APER],flux_aper_f150w,5E,5,photometry_aper,flux_aper_f150w,real[],source_native
master_catalog,/mnt/nvme01/cosmos-web-dr1-catalog/COSMOSWeb_mastercatalog_v1.1_photom_secondary.fits,HDU 1 [SE++APER],flux_aper_f277w,5E,5,photometry_aper,flux_aper_f277w,real[],source_native
master_catalog,/mnt/nvme01/cosmos-web-dr1-catalog/COSMOSWeb_mastercatalog_v1.1_photom_secondary.fits,HDU 1 [SE++APER],flux_aper_f444w,5E,5,photometry_aper,flux_aper_f444w,real[],source_native
master_catalog,/mnt/nvme01/cosmos-web-dr1-catalog/COSMOSWeb_mastercatalog_v1.1_photom_secondary.fits,HDU 1 [SE++APER],flux_aper_hst-f814w,5E,5,photometry_aper,flux_aper_hst_f814w,real[],source_native
master_catalog,/mnt/nvme01/cosmos-web-dr1-catalog/COSMOSWeb_mastercatalog_v1.1_photom_secondary.fits,HDU 1 [SE++APER],flux_aper_f770w,5E,5,photometry_aper,flux_aper_f770w,real[],source_native
master_catalog,/mnt/nvme01/cosmos-web-dr1-catalog/COSMOSWeb_mastercatalog_v1.1_photom_secondary.fits,HDU 1 [SE++APER],flux_aper_cfht-u,5E,5,photometry_aper,flux_aper_cfht_u,real[],source_native
master_catalog,/mnt/nvme01/cosmos-web-dr1-catalog/COSMOSWeb_mastercatalog_v1.1_photom_secondary.fits,HDU 1 [SE++APER],flux_aper_hsc-g,5E,5,photometry_aper,flux_aper_hsc_g,real[],source_native
master_catalog,/mnt/nvme01/cosmos-web-dr1-catalog/COSMOSWeb_mastercatalog_v1.1_photom_secondary.fits,HDU 1 [SE++APER],flux_aper_hsc-r,5E,5,photometry_aper,flux_aper_hsc_r,real[],source_native
master_catalog,/mnt/nvme01/cosmos-web-dr1-catalog/COSMOSWeb_mastercatalog_v1.1_photom_secondary.fits,HDU 1 [SE++APER],flux_aper_hsc-i,5E,5,photometry_aper,flux_aper_hsc_i,real[],source_native
master_catalog,/mnt/nvme01/cosmos-web-dr1-catalog/COSMOSWeb_mastercatalog_v1.1_photom_secondary.fits,HDU 1 [SE++APER],flux_aper_hsc-z,5E,5,photometry_aper,flux_aper_hsc_z,real[],source_native
master_catalog,/mnt/nvme01/cosmos-web-dr1-catalog/COSMOSWeb_mastercatalog_v1.1_photom_secondary.fits,HDU 1 [SE++APER],flux_aper_hsc-y,5E,5,photometry_aper,flux_aper_hsc_y,real[],source_native
master_catalog,/mnt/nvme01/cosmos-web-dr1-catalog/COSMOSWeb_mastercatalog_v1.1_photom_secondary.fits,HDU 1 [SE++APER],flux_aper_hsc-nb0816,5E,5,photometry_aper,flux_aper_hsc_nb0816,real[],source_native
master_catalog,/mnt/nvme01/cosmos-web-dr1-catalog/COSMOSWeb_mastercatalog_v1.1_photom_secondary.fits,HDU 1 [SE++APER],flux_aper_hsc-nb0921,5E,5,photometry_aper,flux_aper_hsc_nb0921,real[],source_native
master_catalog,/mnt/nvme01/cosmos-web-dr1-catalog/COSMOSWeb_mastercatalog_v1.1_photom_secondary.fits,HDU 1 [SE++APER],flux_aper_hsc-nb1010,5E,5,photometry_aper,flux_aper_hsc_nb1010,real[],source_native
master_catalog,/mnt/nvme01/cosmos-web-dr1-catalog/COSMOSWeb_mastercatalog_v1.1_photom_secondary.fits,HDU 1 [SE++APER],flux_aper_uvista-y,5E,5,photometry_aper,flux_aper_uvista_y,real[],source_native
master_catalog,/mnt/nvme01/cosmos-web-dr1-catalog/COSMOSWeb_mastercatalog_v1.1_photom_secondary.fits,HDU 1 [SE++APER],flux_aper_uvista-j,5E,5,photometry_aper,flux_aper_uvista_j,real[],source_native
master_catalog,/mnt/nvme01/cosmos-web-dr1-catalog/COSMOSWeb_mastercatalog_v1.1_photom_secondary.fits,HDU 1 [SE++APER],flux_aper_uvista-h,5E,5,photometry_aper,flux_aper_uvista_h,real[],source_native
master_catalog,/mnt/nvme01/cosmos-web-dr1-catalog/COSMOSWeb_mastercatalog_v1.1_photom_secondary.fits,HDU 1 [SE++APER],flux_aper_uvista-ks,5E,5,photometry_aper,flux_aper_uvista_ks,real[],source_native
master_catalog,/mnt/nvme01/cosmos-web-dr1-catalog/COSMOSWeb_mastercatalog_v1.1_photom_secondary.fits,HDU 1 [SE++APER],flux_aper_uvista-nb118,5E,5,photometry_aper,flux_aper_uvista_nb118,real[],source_native
master_catalog,/mnt/nvme01/cosmos-web-dr1-catalog/COSMOSWeb_mastercatalog_v1.1_photom_secondary.fits,HDU 1 [SE++APER],flux_aper_sc-ia484,5E,5,photometry_aper,flux_aper_sc_ia484,real[],source_native
master_catalog,/mnt/nvme01/cosmos-web-dr1-catalog/COSMOSWeb_mastercatalog_v1.1_photom_secondary.fits,HDU 1 [SE++APER],flux_aper_sc-ia527,5E,5,photometry_aper,flux_aper_sc_ia527,real[],source_native
master_catalog,/mnt/nvme01/cosmos-web-dr1-catalog/COSMOSWeb_mastercatalog_v1.1_photom_secondary.fits,HDU 1 [SE++APER],flux_aper_sc-ia624,5E,5,photometry_aper,flux_aper_sc_ia624,real[],source_native
master_catalog,/mnt/nvme01/cosmos-web-dr1-catalog/COSMOSWeb_mastercatalog_v1.1_photom_secondary.fits,HDU 1 [SE++APER],flux_aper_sc-ia679,5E,5,photometry_aper,flux_aper_sc_ia679,real[],source_native
master_catalog,/mnt/nvme01/cosmos-web-dr1-catalog/COSMOSWeb_mastercatalog_v1.1_photom_secondary.fits,HDU 1 [SE++APER],flux_aper_sc-ia738,5E,5,photometry_aper,flux_aper_sc_ia738,real[],source_native
master_catalog,/mnt/nvme01/cosmos-web-dr1-catalog/COSMOSWeb_mastercatalog_v1.1_photom_secondary.fits,HDU 1 [SE++APER],flux_aper_sc-ia767,5E,5,photometry_aper,flux_aper_sc_ia767,real[],source_native
master_catalog,/mnt/nvme01/cosmos-web-dr1-catalog/COSMOSWeb_mastercatalog_v1.1_photom_secondary.fits,HDU 1 [SE++APER],flux_aper_sc-ib427,5E,5,photometry_aper,flux_aper_sc_ib427,real[],source_native
master_catalog,/mnt/nvme01/cosmos-web-dr1-catalog/COSMOSWeb_mastercatalog_v1.1_photom_secondary.fits,HDU 1 [SE++APER],flux_aper_sc-ib505,5E,5,photometry_aper,flux_aper_sc_ib505,real[],source_native
master_catalog,/mnt/nvme01/cosmos-web-dr1-catalog/COSMOSWeb_mastercatalog_v1.1_photom_secondary.fits,HDU 1 [SE++APER],flux_aper_sc-ib574,5E,5,photometry_aper,flux_aper_sc_ib574,real[],source_native
master_catalog,/mnt/nvme01/cosmos-web-dr1-catalog/COSMOSWeb_mastercatalog_v1.1_photom_secondary.fits,HDU 1 [SE++APER],flux_aper_sc-ib709,5E,5,photometry_aper,flux_aper_sc_ib709,real[],source_native
master_catalog,/mnt/nvme01/cosmos-web-dr1-catalog/COSMOSWeb_mastercatalog_v1.1_photom_secondary.fits,HDU 1 [SE++APER],flux_aper_sc-ib827,5E,5,photometry_aper,flux_aper_sc_ib827,real[],source_native
master_catalog,/mnt/nvme01/cosmos-web-dr1-catalog/COSMOSWeb_mastercatalog_v1.1_photom_secondary.fits,HDU 1 [SE++APER],flux_aper_sc-nb711,5E,5,photometry_aper,flux_aper_sc_nb711,real[],source_native
master_catalog,/mnt/nvme01/cosmos-web-dr1-catalog/COSMOSWeb_mastercatalog_v1.1_photom_secondary.fits,HDU 1 [SE++APER],flux_aper_sc-nb816,5E,5,photometry_aper,flux_aper_sc_nb816,real[],source_native
master_catalog,/mnt/nvme01/cosmos-web-dr1-catalog/COSMOSWeb_mastercatalog_v1.1_photom_secondary.fits,HDU 1 [SE++APER],flux_aper_irac-ch1,5E,5,photometry_aper,flux_aper_irac_ch1,real[],source_native
master_catalog,/mnt/nvme01/cosmos-web-dr1-catalog/COSMOSWeb_mastercatalog_v1.1_photom_secondary.fits,HDU 1 [SE++APER],flux_aper_irac-ch2,5E,5,photometry_aper,flux_aper_irac_ch2,real[],source_native
master_catalog,/mnt/nvme01/cosmos-web-dr1-catalog/COSMOSWeb_mastercatalog_v1.1_photom_secondary.fits,HDU 1 [SE++APER],flux_aper_irac-ch3,5E,5,photometry_aper,flux_aper_irac_ch3,real[],source_native
master_catalog,/mnt/nvme01/cosmos-web-dr1-catalog/COSMOSWeb_mastercatalog_v1.1_photom_secondary.fits,HDU 1 [SE++APER],flux_aper_irac-ch4,5E,5,photometry_aper,flux_aper_irac_ch4,real[],source_native
master_catalog,/mnt/nvme01/cosmos-web-dr1-catalog/COSMOSWeb_mastercatalog_v1.1_photom_secondary.fits,HDU 1 [SE++APER],flux_err_aper_f115w,5E,5,photometry_aper,flux_err_aper_f115w,real[],source_native
master_catalog,/mnt/nvme01/cosmos-web-dr1-catalog/COSMOSWeb_mastercatalog_v1.1_photom_secondary.fits,HDU 1 [SE++APER],flux_err_aper_f150w,5E,5,photometry_aper,flux_err_aper_f150w,real[],source_native
master_catalog,/mnt/nvme01/cosmos-web-dr1-catalog/COSMOSWeb_mastercatalog_v1.1_photom_secondary.fits,HDU 1 [SE++APER],flux_err_aper_f277w,5E,5,photometry_aper,flux_err_aper_f277w,real[],source_native
master_catalog,/mnt/nvme01/cosmos-web-dr1-catalog/COSMOSWeb_mastercatalog_v1.1_photom_secondary.fits,HDU 1 [SE++APER],flux_err_aper_f444w,5E,5,photometry_aper,flux_err_aper_f444w,real[],source_native
master_catalog,/mnt/nvme01/cosmos-web-dr1-catalog/COSMOSWeb_mastercatalog_v1.1_photom_secondary.fits,HDU 1 [SE++APER],flux_err_aper_hst-f814w,5E,5,photometry_aper,flux_err_aper_hst_f814w,real[],source_native
master_catalog,/mnt/nvme01/cosmos-web-dr1-catalog/COSMOSWeb_mastercatalog_v1.1_photom_secondary.fits,HDU 1 [SE++APER],flux_err_aper_f770w,5E,5,photometry_aper,flux_err_aper_f770w,real[],source_native
master_catalog,/mnt/nvme01/cosmos-web-dr1-catalog/COSMOSWeb_mastercatalog_v1.1_photom_secondary.fits,HDU 1 [SE++APER],flux_err_aper_cfht-u,5E,5,photometry_aper,flux_err_aper_cfht_u,real[],source_native
master_catalog,/mnt/nvme01/cosmos-web-dr1-catalog/COSMOSWeb_mastercatalog_v1.1_photom_secondary.fits,HDU 1 [SE++APER],flux_err_aper_hsc-g,5E,5,photometry_aper,flux_err_aper_hsc_g,real[],source_native
master_catalog,/mnt/nvme01/cosmos-web-dr1-catalog/COSMOSWeb_mastercatalog_v1.1_photom_secondary.fits,HDU 1 [SE++APER],flux_err_aper_hsc-r,5E,5,photometry_aper,flux_err_aper_hsc_r,real[],source_native
master_catalog,/mnt/nvme01/cosmos-web-dr1-catalog/COSMOSWeb_mastercatalog_v1.1_photom_secondary.fits,HDU 1 [SE++APER],flux_err_aper_hsc-i,5E,5,photometry_aper,flux_err_aper_hsc_i,real[],source_native
master_catalog,/mnt/nvme01/cosmos-web-dr1-catalog/COSMOSWeb_mastercatalog_v1.1_photom_secondary.fits,HDU 1 [SE++APER],flux_err_aper_hsc-z,5E,5,photometry_aper,flux_err_aper_hsc_z,real[],source_native
master_catalog,/mnt/nvme01/cosmos-web-dr1-catalog/COSMOSWeb_mastercatalog_v1.1_photom_secondary.fits,HDU 1 [SE++APER],flux_err_aper_hsc-y,5E,5,photometry_aper,flux_err_aper_hsc_y,real[],source_native
master_catalog,/mnt/nvme01/cosmos-web-dr1-catalog/COSMOSWeb_mastercatalog_v1.1_photom_secondary.fits,HDU 1 [SE++APER],flux_err_aper_hsc-nb0816,5E,5,photometry_aper,flux_err_aper_hsc_nb0816,real[],source_native
master_catalog,/mnt/nvme01/cosmos-web-dr1-catalog/COSMOSWeb_mastercatalog_v1.1_photom_secondary.fits,HDU 1 [SE++APER],flux_err_aper_hsc-nb0921,5E,5,photometry_aper,flux_err_aper_hsc_nb0921,real[],source_native
master_catalog,/mnt/nvme01/cosmos-web-dr1-catalog/COSMOSWeb_mastercatalog_v1.1_photom_secondary.fits,HDU 1 [SE++APER],flux_err_aper_hsc-nb1010,5E,5,photometry_aper,flux_err_aper_hsc_nb1010,real[],source_native
master_catalog,/mnt/nvme01/cosmos-web-dr1-catalog/COSMOSWeb_mastercatalog_v1.1_photom_secondary.fits,HDU 1 [SE++APER],flux_err_aper_uvista-y,5E,5,photometry_aper,flux_err_aper_uvista_y,real[],source_native
master_catalog,/mnt/nvme01/cosmos-web-dr1-catalog/COSMOSWeb_mastercatalog_v1.1_photom_secondary.fits,HDU 1 [SE++APER],flux_err_aper_uvista-j,5E,5,photometry_aper,flux_err_aper_uvista_j,real[],source_native
master_catalog,/mnt/nvme01/cosmos-web-dr1-catalog/COSMOSWeb_mastercatalog_v1.1_photom_secondary.fits,HDU 1 [SE++APER],flux_err_aper_uvista-h,5E,5,photometry_aper,flux_err_aper_uvista_h,real[],source_native
master_catalog,/mnt/nvme01/cosmos-web-dr1-catalog/COSMOSWeb_mastercatalog_v1.1_photom_secondary.fits,HDU 1 [SE++APER],flux_err_aper_uvista-ks,5E,5,photometry_aper,flux_err_aper_uvista_ks,real[],source_native
master_catalog,/mnt/nvme01/cosmos-web-dr1-catalog/COSMOSWeb_mastercatalog_v1.1_photom_secondary.fits,HDU 1 [SE++APER],flux_err_aper_uvista-nb118,5E,5,photometry_aper,flux_err_aper_uvista_nb118,real[],source_native
master_catalog,/mnt/nvme01/cosmos-web-dr1-catalog/COSMOSWeb_mastercatalog_v1.1_photom_secondary.fits,HDU 1 [SE++APER],flux_err_aper_sc-ia484,5E,5,photometry_aper,flux_err_aper_sc_ia484,real[],source_native
master_catalog,/mnt/nvme01/cosmos-web-dr1-catalog/COSMOSWeb_mastercatalog_v1.1_photom_secondary.fits,HDU 1 [SE++APER],flux_err_aper_sc-ia527,5E,5,photometry_aper,flux_err_aper_sc_ia527,real[],source_native
master_catalog,/mnt/nvme01/cosmos-web-dr1-catalog/COSMOSWeb_mastercatalog_v1.1_photom_secondary.fits,HDU 1 [SE++APER],flux_err_aper_sc-ia624,5E,5,photometry_aper,flux_err_aper_sc_ia624,real[],source_native
master_catalog,/mnt/nvme01/cosmos-web-dr1-catalog/COSMOSWeb_mastercatalog_v1.1_photom_secondary.fits,HDU 1 [SE++APER],flux_err_aper_sc-ia679,5E,5,photometry_aper,flux_err_aper_sc_ia679,real[],source_native
master_catalog,/mnt/nvme01/cosmos-web-dr1-catalog/COSMOSWeb_mastercatalog_v1.1_photom_secondary.fits,HDU 1 [SE++APER],flux_err_aper_sc-ia738,5E,5,photometry_aper,flux_err_aper_sc_ia738,real[],source_native
master_catalog,/mnt/nvme01/cosmos-web-dr1-catalog/COSMOSWeb_mastercatalog_v1.1_photom_secondary.fits,HDU 1 [SE++APER],flux_err_aper_sc-ia767,5E,5,photometry_aper,flux_err_aper_sc_ia767,real[],source_native
master_catalog,/mnt/nvme01/cosmos-web-dr1-catalog/COSMOSWeb_mastercatalog_v1.1_photom_secondary.fits,HDU 1 [SE++APER],flux_err_aper_sc-ib427,5E,5,photometry_aper,flux_err_aper_sc_ib427,real[],source_native
master_catalog,/mnt/nvme01/cosmos-web-dr1-catalog/COSMOSWeb_mastercatalog_v1.1_photom_secondary.fits,HDU 1 [SE++APER],flux_err_aper_sc-ib505,5E,5,photometry_aper,flux_err_aper_sc_ib505,real[],source_native
master_catalog,/mnt/nvme01/cosmos-web-dr1-catalog/COSMOSWeb_mastercatalog_v1.1_photom_secondary.fits,HDU 1 [SE++APER],flux_err_aper_sc-ib574,5E,5,photometry_aper,flux_err_aper_sc_ib574,real[],source_native
master_catalog,/mnt/nvme01/cosmos-web-dr1-catalog/COSMOSWeb_mastercatalog_v1.1_photom_secondary.fits,HDU 1 [SE++APER],flux_err_aper_sc-ib709,5E,5,photometry_aper,flux_err_aper_sc_ib709,real[],source_native
master_catalog,/mnt/nvme01/cosmos-web-dr1-catalog/COSMOSWeb_mastercatalog_v1.1_photom_secondary.fits,HDU 1 [SE++APER],flux_err_aper_sc-ib827,5E,5,photometry_aper,flux_err_aper_sc_ib827,real[],source_native
master_catalog,/mnt/nvme01/cosmos-web-dr1-catalog/COSMOSWeb_mastercatalog_v1.1_photom_secondary.fits,HDU 1 [SE++APER],flux_err_aper_sc-nb711,5E,5,photometry_aper,flux_err_aper_sc_nb711,real[],source_native
master_catalog,/mnt/nvme01/cosmos-web-dr1-catalog/COSMOSWeb_mastercatalog_v1.1_photom_secondary.fits,HDU 1 [SE++APER],flux_err_aper_sc-nb816,5E,5,photometry_aper,flux_err_aper_sc_nb816,real[],source_native
master_catalog,/mnt/nvme01/cosmos-web-dr1-catalog/COSMOSWeb_mastercatalog_v1.1_photom_secondary.fits,HDU 1 [SE++APER],flux_err_aper_irac-ch1,5E,5,photometry_aper,flux_err_aper_irac_ch1,real[],source_native
master_catalog,/mnt/nvme01/cosmos-web-dr1-catalog/COSMOSWeb_mastercatalog_v1.1_photom_secondary.fits,HDU 1 [SE++APER],flux_err_aper_irac-ch2,5E,5,photometry_aper,flux_err_aper_irac_ch2,real[],source_native
master_catalog,/mnt/nvme01/cosmos-web-dr1-catalog/COSMOSWeb_mastercatalog_v1.1_photom_secondary.fits,HDU 1 [SE++APER],flux_err_aper_irac-ch3,5E,5,photometry_aper,flux_err_aper_irac_ch3,real[],source_native
master_catalog,/mnt/nvme01/cosmos-web-dr1-catalog/COSMOSWeb_mastercatalog_v1.1_photom_secondary.fits,HDU 1 [SE++APER],flux_err_aper_irac-ch4,5E,5,photometry_aper,flux_err_aper_irac_ch4,real[],source_native
master_catalog,/mnt/nvme01/cosmos-web-dr1-catalog/COSMOSWeb_mastercatalog_v1.1_cigale.fits,HDU 1 [CIGALE],age_form,D,1,cigale,age_form,double precision,source_native
master_catalog,/mnt/nvme01/cosmos-web-dr1-catalog/COSMOSWeb_mastercatalog_v1.1_cigale.fits,HDU 1 [CIGALE],age_form_err,D,1,cigale,age_form_err,double precision,source_native
master_catalog,/mnt/nvme01/cosmos-web-dr1-catalog/COSMOSWeb_mastercatalog_v1.1_cigale.fits,HDU 1 [CIGALE],sfr_mass_vector_dir,D,1,cigale,sfr_mass_vector_dir,double precision,source_native
master_catalog,/mnt/nvme01/cosmos-web-dr1-catalog/COSMOSWeb_mastercatalog_v1.1_cigale.fits,HDU 1 [CIGALE],sfr_mass_vector_dir_err,D,1,cigale,sfr_mass_vector_dir_err,double precision,source_native
master_catalog,/mnt/nvme01/cosmos-web-dr1-catalog/COSMOSWeb_mastercatalog_v1.1_cigale.fits,HDU 1 [CIGALE],sfr_mass_vector_norm,D,1,cigale,sfr_mass_vector_norm,double precision,source_native
master_catalog,/mnt/nvme01/cosmos-web-dr1-catalog/COSMOSWeb_mastercatalog_v1.1_cigale.fits,HDU 1 [CIGALE],sfr_mass_vector_norm_err,D,1,cigale,sfr_mass_vector_norm_err,double precision,source_native
master_catalog,/mnt/nvme01/cosmos-web-dr1-catalog/COSMOSWeb_mastercatalog_v1.1_cigale.fits,HDU 1 [CIGALE],sfh_sfr_bin1,D,1,cigale,sfh_sfr_bin1,double precision,source_native
master_catalog,/mnt/nvme01/cosmos-web-dr1-catalog/COSMOSWeb_mastercatalog_v1.1_cigale.fits,HDU 1 [CIGALE],sfh_sfr_bin1_err,D,1,cigale,sfh_sfr_bin1_err,double precision,source_native
master_catalog,/mnt/nvme01/cosmos-web-dr1-catalog/COSMOSWeb_mastercatalog_v1.1_cigale.fits,HDU 1 [CIGALE],sfh_sfr_bin2,D,1,cigale,sfh_sfr_bin2,double precision,source_native
master_catalog,/mnt/nvme01/cosmos-web-dr1-catalog/COSMOSWeb_mastercatalog_v1.1_cigale.fits,HDU 1 [CIGALE],sfh_sfr_bin2_err,D,1,cigale,sfh_sfr_bin2_err,double precision,source_native
master_catalog,/mnt/nvme01/cosmos-web-dr1-catalog/COSMOSWeb_mastercatalog_v1.1_cigale.fits,HDU 1 [CIGALE],sfh_sfr_bin3,D,1,cigale,sfh_sfr_bin3,double precision,source_native
master_catalog,/mnt/nvme01/cosmos-web-dr1-catalog/COSMOSWeb_mastercatalog_v1.1_cigale.fits,HDU 1 [CIGALE],sfh_sfr_bin3_err,D,1,cigale,sfh_sfr_bin3_err,double precision,source_native
master_catalog,/mnt/nvme01/cosmos-web-dr1-catalog/COSMOSWeb_mastercatalog_v1.1_cigale.fits,HDU 1 [CIGALE],sfh_sfr_bin4,D,1,cigale,sfh_sfr_bin4,double precision,source_native
master_catalog,/mnt/nvme01/cosmos-web-dr1-catalog/COSMOSWeb_mastercatalog_v1.1_cigale.fits,HDU 1 [CIGALE],sfh_sfr_bin4_err,D,1,cigale,sfh_sfr_bin4_err,double precision,source_native
master_catalog,/mnt/nvme01/cosmos-web-dr1-catalog/COSMOSWeb_mastercatalog_v1.1_cigale.fits,HDU 1 [CIGALE],sfh_sfr_bin5,D,1,cigale,sfh_sfr_bin5,double precision,source_native
master_catalog,/mnt/nvme01/cosmos-web-dr1-catalog/COSMOSWeb_mastercatalog_v1.1_cigale.fits,HDU 1 [CIGALE],sfh_sfr_bin5_err,D,1,cigale,sfh_sfr_bin5_err,double precision,source_native
master_catalog,/mnt/nvme01/cosmos-web-dr1-catalog/COSMOSWeb_mastercatalog_v1.1_cigale.fits,HDU 1 [CIGALE],sfh_sfr_bin6,D,1,cigale,sfh_sfr_bin6,double precision,source_native
master_catalog,/mnt/nvme01/cosmos-web-dr1-catalog/COSMOSWeb_mastercatalog_v1.1_cigale.fits,HDU 1 [CIGALE],sfh_sfr_bin6_err,D,1,cigale,sfh_sfr_bin6_err,double precision,source_native
master_catalog,/mnt/nvme01/cosmos-web-dr1-catalog/COSMOSWeb_mastercatalog_v1.1_cigale.fits,HDU 1 [CIGALE],sfh_sfr_bin7,D,1,cigale,sfh_sfr_bin7,double precision,source_native
master_catalog,/mnt/nvme01/cosmos-web-dr1-catalog/COSMOSWeb_mastercatalog_v1.1_cigale.fits,HDU 1 [CIGALE],sfh_sfr_bin7_err,D,1,cigale,sfh_sfr_bin7_err,double precision,source_native
master_catalog,/mnt/nvme01/cosmos-web-dr1-catalog/COSMOSWeb_mastercatalog_v1.1_cigale.fits,HDU 1 [CIGALE],sfh_sfr_bin8,D,1,cigale,sfh_sfr_bin8,double precision,source_native
master_catalog,/mnt/nvme01/cosmos-web-dr1-catalog/COSMOSWeb_mastercatalog_v1.1_cigale.fits,HDU 1 [CIGALE],sfh_sfr_bin8_err,D,1,cigale,sfh_sfr_bin8_err,double precision,source_native
master_catalog,/mnt/nvme01/cosmos-web-dr1-catalog/COSMOSWeb_mastercatalog_v1.1_cigale.fits,HDU 1 [CIGALE],sfh_sfr_bin9,D,1,cigale,sfh_sfr_bin9,double precision,source_native
master_catalog,/mnt/nvme01/cosmos-web-dr1-catalog/COSMOSWeb_mastercatalog_v1.1_cigale.fits,HDU 1 [CIGALE],sfh_sfr_bin9_err,D,1,cigale,sfh_sfr_bin9_err,double precision,source_native
master_catalog,/mnt/nvme01/cosmos-web-dr1-catalog/COSMOSWeb_mastercatalog_v1.1_cigale.fits,HDU 1 [CIGALE],sfh_time_bin1,D,1,cigale,sfh_time_bin1,double precision,source_native
master_catalog,/mnt/nvme01/cosmos-web-dr1-catalog/COSMOSWeb_mastercatalog_v1.1_cigale.fits,HDU 1 [CIGALE],sfh_time_bin1_err,D,1,cigale,sfh_time_bin1_err,double precision,source_native
master_catalog,/mnt/nvme01/cosmos-web-dr1-catalog/COSMOSWeb_mastercatalog_v1.1_cigale.fits,HDU 1 [CIGALE],sfh_time_bin2,D,1,cigale,sfh_time_bin2,double precision,source_native
master_catalog,/mnt/nvme01/cosmos-web-dr1-catalog/COSMOSWeb_mastercatalog_v1.1_cigale.fits,HDU 1 [CIGALE],sfh_time_bin2_err,D,1,cigale,sfh_time_bin2_err,double precision,source_native
master_catalog,/mnt/nvme01/cosmos-web-dr1-catalog/COSMOSWeb_mastercatalog_v1.1_cigale.fits,HDU 1 [CIGALE],sfh_time_bin3,D,1,cigale,sfh_time_bin3,double precision,source_native
master_catalog,/mnt/nvme01/cosmos-web-dr1-catalog/COSMOSWeb_mastercatalog_v1.1_cigale.fits,HDU 1 [CIGALE],sfh_time_bin3_err,D,1,cigale,sfh_time_bin3_err,double precision,source_native
master_catalog,/mnt/nvme01/cosmos-web-dr1-catalog/COSMOSWeb_mastercatalog_v1.1_cigale.fits,HDU 1 [CIGALE],sfh_time_bin4,D,1,cigale,sfh_time_bin4,double precision,source_native
master_catalog,/mnt/nvme01/cosmos-web-dr1-catalog/COSMOSWeb_mastercatalog_v1.1_cigale.fits,HDU 1 [CIGALE],sfh_time_bin4_err,D,1,cigale,sfh_time_bin4_err,double precision,source_native
master_catalog,/mnt/nvme01/cosmos-web-dr1-catalog/COSMOSWeb_mastercatalog_v1.1_cigale.fits,HDU 1 [CIGALE],sfh_time_bin5,D,1,cigale,sfh_time_bin5,double precision,source_native
master_catalog,/mnt/nvme01/cosmos-web-dr1-catalog/COSMOSWeb_mastercatalog_v1.1_cigale.fits,HDU 1 [CIGALE],sfh_time_bin5_err,D,1,cigale,sfh_time_bin5_err,double precision,source_native
master_catalog,/mnt/nvme01/cosmos-web-dr1-catalog/COSMOSWeb_mastercatalog_v1.1_cigale.fits,HDU 1 [CIGALE],sfh_time_bin6,D,1,cigale,sfh_time_bin6,double precision,source_native
master_catalog,/mnt/nvme01/cosmos-web-dr1-catalog/COSMOSWeb_mastercatalog_v1.1_cigale.fits,HDU 1 [CIGALE],sfh_time_bin6_err,D,1,cigale,sfh_time_bin6_err,double precision,source_native
master_catalog,/mnt/nvme01/cosmos-web-dr1-catalog/COSMOSWeb_mastercatalog_v1.1_cigale.fits,HDU 1 [CIGALE],sfh_time_bin7,D,1,cigale,sfh_time_bin7,double precision,source_native
master_catalog,/mnt/nvme01/cosmos-web-dr1-catalog/COSMOSWeb_mastercatalog_v1.1_cigale.fits,HDU 1 [CIGALE],sfh_time_bin7_err,D,1,cigale,sfh_time_bin7_err,double precision,source_native
master_catalog,/mnt/nvme01/cosmos-web-dr1-catalog/COSMOSWeb_mastercatalog_v1.1_cigale.fits,HDU 1 [CIGALE],sfh_time_bin8,D,1,cigale,sfh_time_bin8,double precision,source_native
master_catalog,/mnt/nvme01/cosmos-web-dr1-catalog/COSMOSWeb_mastercatalog_v1.1_cigale.fits,HDU 1 [CIGALE],sfh_time_bin8_err,D,1,cigale,sfh_time_bin8_err,double precision,source_native
master_catalog,/mnt/nvme01/cosmos-web-dr1-catalog/COSMOSWeb_mastercatalog_v1.1_cigale.fits,HDU 1 [CIGALE],sfh_time_bin9,D,1,cigale,sfh_time_bin9,double precision,source_native
master_catalog,/mnt/nvme01/cosmos-web-dr1-catalog/COSMOSWeb_mastercatalog_v1.1_cigale.fits,HDU 1 [CIGALE],sfh_time_bin9_err,D,1,cigale,sfh_time_bin9_err,double precision,source_native
master_catalog,/mnt/nvme01/cosmos-web-dr1-catalog/COSMOSWeb_mastercatalog_v1.1_cigale.fits,HDU 1 [CIGALE],metallicity,D,1,cigale,metallicity,double precision,source_native
master_catalog,/mnt/nvme01/cosmos-web-dr1-catalog/COSMOSWeb_mastercatalog_v1.1_cigale.fits,HDU 1 [CIGALE],metallicity_err,D,1,cigale,metallicity_err,double precision,source_native
master_catalog,/mnt/nvme01/cosmos-web-dr1-catalog/COSMOSWeb_mastercatalog_v1.1_cigale.fits,HDU 1 [CIGALE],sfh_integrated,D,1,cigale,sfh_integrated,double precision,source_native
master_catalog,/mnt/nvme01/cosmos-web-dr1-catalog/COSMOSWeb_mastercatalog_v1.1_cigale.fits,HDU 1 [CIGALE],sfh_integrated_err,D,1,cigale,sfh_integrated_err,double precision,source_native
master_catalog,/mnt/nvme01/cosmos-web-dr1-catalog/COSMOSWeb_mastercatalog_v1.1_cigale.fits,HDU 1 [CIGALE],sfr_inst,D,1,cigale,sfr_inst,double precision,source_native
master_catalog,/mnt/nvme01/cosmos-web-dr1-catalog/COSMOSWeb_mastercatalog_v1.1_cigale.fits,HDU 1 [CIGALE],sfr_inst_err,D,1,cigale,sfr_inst_err,double precision,source_native
master_catalog,/mnt/nvme01/cosmos-web-dr1-catalog/COSMOSWeb_mastercatalog_v1.1_cigale.fits,HDU 1 [CIGALE],sfr_100myr,D,1,cigale,sfr_100myr,double precision,source_native
master_catalog,/mnt/nvme01/cosmos-web-dr1-catalog/COSMOSWeb_mastercatalog_v1.1_cigale.fits,HDU 1 [CIGALE],sfr_100myr_err,D,1,cigale,sfr_100myr_err,double precision,source_native
master_catalog,/mnt/nvme01/cosmos-web-dr1-catalog/COSMOSWeb_mastercatalog_v1.1_cigale.fits,HDU 1 [CIGALE],mass,D,1,cigale,mass,double precision,source_native
master_catalog,/mnt/nvme01/cosmos-web-dr1-catalog/COSMOSWeb_mastercatalog_v1.1_cigale.fits,HDU 1 [CIGALE],mass_err,D,1,cigale,mass_err,double precision,source_native
master_catalog,/mnt/nvme01/cosmos-web-dr1-catalog/COSMOSWeb_mastercatalog_v1.1_cigale.fits,HDU 1 [CIGALE],ebv_stars,D,1,cigale,ebv_stars,double precision,source_native
master_catalog,/mnt/nvme01/cosmos-web-dr1-catalog/COSMOSWeb_mastercatalog_v1.1_cigale.fits,HDU 1 [CIGALE],ebv_stars_err,D,1,cigale,ebv_stars_err,double precision,source_native
master_catalog,/mnt/nvme01/cosmos-web-dr1-catalog/COSMOSWeb_mastercatalog_v1.1_cigale.fits,HDU 1 [CIGALE],chi2_best_fit,D,1,cigale,chi2_best_fit,double precision,source_native
master_catalog,/mnt/nvme01/cosmos-web-dr1-catalog/COSMOSWeb_mastercatalog_v1.1_cigale.fits,HDU 1 [CIGALE],chi2_red_best_fit,D,1,cigale,chi2_red_best_fit,double precision,source_native
master_catalog,/mnt/nvme01/cosmos-web-dr1-catalog/COSMOSWeb_mastercatalog_v1.1_ml_morph.fits,HDU 1 [ML-MORPHO],sph_0_f150w,D,1,ml_morpho,sph_0_f150w,double precision,source_native
master_catalog,/mnt/nvme01/cosmos-web-dr1-catalog/COSMOSWeb_mastercatalog_v1.1_ml_morph.fits,HDU 1 [ML-MORPHO],disk_0_f150w,D,1,ml_morpho,disk_0_f150w,double precision,source_native
master_catalog,/mnt/nvme01/cosmos-web-dr1-catalog/COSMOSWeb_mastercatalog_v1.1_ml_morph.fits,HDU 1 [ML-MORPHO],irr_0_f150w,D,1,ml_morpho,irr_0_f150w,double precision,source_native
master_catalog,/mnt/nvme01/cosmos-web-dr1-catalog/COSMOSWeb_mastercatalog_v1.1_ml_morph.fits,HDU 1 [ML-MORPHO],bd_0_f150w,D,1,ml_morpho,bd_0_f150w,double precision,source_native
master_catalog,/mnt/nvme01/cosmos-web-dr1-catalog/COSMOSWeb_mastercatalog_v1.1_ml_morph.fits,HDU 1 [ML-MORPHO],sph_1_f150w,D,1,ml_morpho,sph_1_f150w,double precision,source_native
master_catalog,/mnt/nvme01/cosmos-web-dr1-catalog/COSMOSWeb_mastercatalog_v1.1_ml_morph.fits,HDU 1 [ML-MORPHO],disk_1_f150w,D,1,ml_morpho,disk_1_f150w,double precision,source_native
master_catalog,/mnt/nvme01/cosmos-web-dr1-catalog/COSMOSWeb_mastercatalog_v1.1_ml_morph.fits,HDU 1 [ML-MORPHO],irr_1_f150w,D,1,ml_morpho,irr_1_f150w,double precision,source_native
master_catalog,/mnt/nvme01/cosmos-web-dr1-catalog/COSMOSWeb_mastercatalog_v1.1_ml_morph.fits,HDU 1 [ML-MORPHO],bd_1_f150w,D,1,ml_morpho,bd_1_f150w,double precision,source_native
master_catalog,/mnt/nvme01/cosmos-web-dr1-catalog/COSMOSWeb_mastercatalog_v1.1_ml_morph.fits,HDU 1 [ML-MORPHO],sph_2_f150w,D,1,ml_morpho,sph_2_f150w,double precision,source_native
master_catalog,/mnt/nvme01/cosmos-web-dr1-catalog/COSMOSWeb_mastercatalog_v1.1_ml_morph.fits,HDU 1 [ML-MORPHO],disk_2_f150w,D,1,ml_morpho,disk_2_f150w,double precision,source_native
master_catalog,/mnt/nvme01/cosmos-web-dr1-catalog/COSMOSWeb_mastercatalog_v1.1_ml_morph.fits,HDU 1 [ML-MORPHO],irr_2_f150w,D,1,ml_morpho,irr_2_f150w,double precision,source_native
master_catalog,/mnt/nvme01/cosmos-web-dr1-catalog/COSMOSWeb_mastercatalog_v1.1_ml_morph.fits,HDU 1 [ML-MORPHO],bd_2_f150w,D,1,ml_morpho,bd_2_f150w,double precision,source_native
master_catalog,/mnt/nvme01/cosmos-web-dr1-catalog/COSMOSWeb_mastercatalog_v1.1_ml_morph.fits,HDU 1 [ML-MORPHO],sph_3_f150w,D,1,ml_morpho,sph_3_f150w,double precision,source_native
master_catalog,/mnt/nvme01/cosmos-web-dr1-catalog/COSMOSWeb_mastercatalog_v1.1_ml_morph.fits,HDU 1 [ML-MORPHO],disk_3_f150w,D,1,ml_morpho,disk_3_f150w,double precision,source_native
master_catalog,/mnt/nvme01/cosmos-web-dr1-catalog/COSMOSWeb_mastercatalog_v1.1_ml_morph.fits,HDU 1 [ML-MORPHO],irr_3_f150w,D,1,ml_morpho,irr_3_f150w,double precision,source_native
master_catalog,/mnt/nvme01/cosmos-web-dr1-catalog/COSMOSWeb_mastercatalog_v1.1_ml_morph.fits,HDU 1 [ML-MORPHO],bd_3_f150w,D,1,ml_morpho,bd_3_f150w,double precision,source_native
master_catalog,/mnt/nvme01/cosmos-web-dr1-catalog/COSMOSWeb_mastercatalog_v1.1_ml_morph.fits,HDU 1 [ML-MORPHO],sph_4_f150w,D,1,ml_morpho,sph_4_f150w,double precision,source_native
master_catalog,/mnt/nvme01/cosmos-web-dr1-catalog/COSMOSWeb_mastercatalog_v1.1_ml_morph.fits,HDU 1 [ML-MORPHO],disk_4_f150w,D,1,ml_morpho,disk_4_f150w,double precision,source_native
master_catalog,/mnt/nvme01/cosmos-web-dr1-catalog/COSMOSWeb_mastercatalog_v1.1_ml_morph.fits,HDU 1 [ML-MORPHO],irr_4_f150w,D,1,ml_morpho,irr_4_f150w,double precision,source_native
master_catalog,/mnt/nvme01/cosmos-web-dr1-catalog/COSMOSWeb_mastercatalog_v1.1_ml_morph.fits,HDU 1 [ML-MORPHO],bd_4_f150w,D,1,ml_morpho,bd_4_f150w,double precision,source_native
master_catalog,/mnt/nvme01/cosmos-web-dr1-catalog/COSMOSWeb_mastercatalog_v1.1_ml_morph.fits,HDU 1 [ML-MORPHO],sph_5_f150w,D,1,ml_morpho,sph_5_f150w,double precision,source_native
master_catalog,/mnt/nvme01/cosmos-web-dr1-catalog/COSMOSWeb_mastercatalog_v1.1_ml_morph.fits,HDU 1 [ML-MORPHO],disk_5_f150w,D,1,ml_morpho,disk_5_f150w,double precision,source_native
master_catalog,/mnt/nvme01/cosmos-web-dr1-catalog/COSMOSWeb_mastercatalog_v1.1_ml_morph.fits,HDU 1 [ML-MORPHO],irr_5_f150w,D,1,ml_morpho,irr_5_f150w,double precision,source_native
master_catalog,/mnt/nvme01/cosmos-web-dr1-catalog/COSMOSWeb_mastercatalog_v1.1_ml_morph.fits,HDU 1 [ML-MORPHO],bd_5_f150w,D,1,ml_morpho,bd_5_f150w,double precision,source_native
master_catalog,/mnt/nvme01/cosmos-web-dr1-catalog/COSMOSWeb_mastercatalog_v1.1_ml_morph.fits,HDU 1 [ML-MORPHO],sph_6_f150w,D,1,ml_morpho,sph_6_f150w,double precision,source_native
master_catalog,/mnt/nvme01/cosmos-web-dr1-catalog/COSMOSWeb_mastercatalog_v1.1_ml_morph.fits,HDU 1 [ML-MORPHO],disk_6_f150w,D,1,ml_morpho,disk_6_f150w,double precision,source_native
master_catalog,/mnt/nvme01/cosmos-web-dr1-catalog/COSMOSWeb_mastercatalog_v1.1_ml_morph.fits,HDU 1 [ML-MORPHO],irr_6_f150w,D,1,ml_morpho,irr_6_f150w,double precision,source_native
master_catalog,/mnt/nvme01/cosmos-web-dr1-catalog/COSMOSWeb_mastercatalog_v1.1_ml_morph.fits,HDU 1 [ML-MORPHO],bd_6_f150w,D,1,ml_morpho,bd_6_f150w,double precision,source_native
master_catalog,/mnt/nvme01/cosmos-web-dr1-catalog/COSMOSWeb_mastercatalog_v1.1_ml_morph.fits,HDU 1 [ML-MORPHO],sph_7_f150w,D,1,ml_morpho,sph_7_f150w,double precision,source_native
master_catalog,/mnt/nvme01/cosmos-web-dr1-catalog/COSMOSWeb_mastercatalog_v1.1_ml_morph.fits,HDU 1 [ML-MORPHO],disk_7_f150w,D,1,ml_morpho,disk_7_f150w,double precision,source_native
master_catalog,/mnt/nvme01/cosmos-web-dr1-catalog/COSMOSWeb_mastercatalog_v1.1_ml_morph.fits,HDU 1 [ML-MORPHO],irr_7_f150w,D,1,ml_morpho,irr_7_f150w,double precision,source_native
master_catalog,/mnt/nvme01/cosmos-web-dr1-catalog/COSMOSWeb_mastercatalog_v1.1_ml_morph.fits,HDU 1 [ML-MORPHO],bd_7_f150w,D,1,ml_morpho,bd_7_f150w,double precision,source_native
master_catalog,/mnt/nvme01/cosmos-web-dr1-catalog/COSMOSWeb_mastercatalog_v1.1_ml_morph.fits,HDU 1 [ML-MORPHO],sph_8_f150w,D,1,ml_morpho,sph_8_f150w,double precision,source_native
master_catalog,/mnt/nvme01/cosmos-web-dr1-catalog/COSMOSWeb_mastercatalog_v1.1_ml_morph.fits,HDU 1 [ML-MORPHO],disk_8_f150w,D,1,ml_morpho,disk_8_f150w,double precision,source_native
master_catalog,/mnt/nvme01/cosmos-web-dr1-catalog/COSMOSWeb_mastercatalog_v1.1_ml_morph.fits,HDU 1 [ML-MORPHO],irr_8_f150w,D,1,ml_morpho,irr_8_f150w,double precision,source_native
master_catalog,/mnt/nvme01/cosmos-web-dr1-catalog/COSMOSWeb_mastercatalog_v1.1_ml_morph.fits,HDU 1 [ML-MORPHO],bd_8_f150w,D,1,ml_morpho,bd_8_f150w,double precision,source_native
master_catalog,/mnt/nvme01/cosmos-web-dr1-catalog/COSMOSWeb_mastercatalog_v1.1_ml_morph.fits,HDU 1 [ML-MORPHO],sph_9_f150w,D,1,ml_morpho,sph_9_f150w,double precision,source_native
master_catalog,/mnt/nvme01/cosmos-web-dr1-catalog/COSMOSWeb_mastercatalog_v1.1_ml_morph.fits,HDU 1 [ML-MORPHO],disk_9_f150w,D,1,ml_morpho,disk_9_f150w,double precision,source_native
master_catalog,/mnt/nvme01/cosmos-web-dr1-catalog/COSMOSWeb_mastercatalog_v1.1_ml_morph.fits,HDU 1 [ML-MORPHO],irr_9_f150w,D,1,ml_morpho,irr_9_f150w,double precision,source_native
master_catalog,/mnt/nvme01/cosmos-web-dr1-catalog/COSMOSWeb_mastercatalog_v1.1_ml_morph.fits,HDU 1 [ML-MORPHO],bd_9_f150w,D,1,ml_morpho,bd_9_f150w,double precision,source_native
master_catalog,/mnt/nvme01/cosmos-web-dr1-catalog/COSMOSWeb_mastercatalog_v1.1_ml_morph.fits,HDU 1 [ML-MORPHO],sph_0_f277w,D,1,ml_morpho,sph_0_f277w,double precision,source_native
master_catalog,/mnt/nvme01/cosmos-web-dr1-catalog/COSMOSWeb_mastercatalog_v1.1_ml_morph.fits,HDU 1 [ML-MORPHO],disk_0_f277w,D,1,ml_morpho,disk_0_f277w,double precision,source_native
master_catalog,/mnt/nvme01/cosmos-web-dr1-catalog/COSMOSWeb_mastercatalog_v1.1_ml_morph.fits,HDU 1 [ML-MORPHO],irr_0_f277w,D,1,ml_morpho,irr_0_f277w,double precision,source_native
master_catalog,/mnt/nvme01/cosmos-web-dr1-catalog/COSMOSWeb_mastercatalog_v1.1_ml_morph.fits,HDU 1 [ML-MORPHO],bd_0_f277w,D,1,ml_morpho,bd_0_f277w,double precision,source_native
master_catalog,/mnt/nvme01/cosmos-web-dr1-catalog/COSMOSWeb_mastercatalog_v1.1_ml_morph.fits,HDU 1 [ML-MORPHO],sph_1_f277w,D,1,ml_morpho,sph_1_f277w,double precision,source_native
master_catalog,/mnt/nvme01/cosmos-web-dr1-catalog/COSMOSWeb_mastercatalog_v1.1_ml_morph.fits,HDU 1 [ML-MORPHO],disk_1_f277w,D,1,ml_morpho,disk_1_f277w,double precision,source_native
master_catalog,/mnt/nvme01/cosmos-web-dr1-catalog/COSMOSWeb_mastercatalog_v1.1_ml_morph.fits,HDU 1 [ML-MORPHO],irr_1_f277w,D,1,ml_morpho,irr_1_f277w,double precision,source_native
master_catalog,/mnt/nvme01/cosmos-web-dr1-catalog/COSMOSWeb_mastercatalog_v1.1_ml_morph.fits,HDU 1 [ML-MORPHO],bd_1_f277w,D,1,ml_morpho,bd_1_f277w,double precision,source_native
master_catalog,/mnt/nvme01/cosmos-web-dr1-catalog/COSMOSWeb_mastercatalog_v1.1_ml_morph.fits,HDU 1 [ML-MORPHO],sph_2_f277w,D,1,ml_morpho,sph_2_f277w,double precision,source_native
master_catalog,/mnt/nvme01/cosmos-web-dr1-catalog/COSMOSWeb_mastercatalog_v1.1_ml_morph.fits,HDU 1 [ML-MORPHO],disk_2_f277w,D,1,ml_morpho,disk_2_f277w,double precision,source_native
master_catalog,/mnt/nvme01/cosmos-web-dr1-catalog/COSMOSWeb_mastercatalog_v1.1_ml_morph.fits,HDU 1 [ML-MORPHO],irr_2_f277w,D,1,ml_morpho,irr_2_f277w,double precision,source_native
master_catalog,/mnt/nvme01/cosmos-web-dr1-catalog/COSMOSWeb_mastercatalog_v1.1_ml_morph.fits,HDU 1 [ML-MORPHO],bd_2_f277w,D,1,ml_morpho,bd_2_f277w,double precision,source_native
master_catalog,/mnt/nvme01/cosmos-web-dr1-catalog/COSMOSWeb_mastercatalog_v1.1_ml_morph.fits,HDU 1 [ML-MORPHO],sph_3_f277w,D,1,ml_morpho,sph_3_f277w,double precision,source_native
master_catalog,/mnt/nvme01/cosmos-web-dr1-catalog/COSMOSWeb_mastercatalog_v1.1_ml_morph.fits,HDU 1 [ML-MORPHO],disk_3_f277w,D,1,ml_morpho,disk_3_f277w,double precision,source_native
master_catalog,/mnt/nvme01/cosmos-web-dr1-catalog/COSMOSWeb_mastercatalog_v1.1_ml_morph.fits,HDU 1 [ML-MORPHO],irr_3_f277w,D,1,ml_morpho,irr_3_f277w,double precision,source_native
master_catalog,/mnt/nvme01/cosmos-web-dr1-catalog/COSMOSWeb_mastercatalog_v1.1_ml_morph.fits,HDU 1 [ML-MORPHO],bd_3_f277w,D,1,ml_morpho,bd_3_f277w,double precision,source_native
master_catalog,/mnt/nvme01/cosmos-web-dr1-catalog/COSMOSWeb_mastercatalog_v1.1_ml_morph.fits,HDU 1 [ML-MORPHO],sph_4_f277w,D,1,ml_morpho,sph_4_f277w,double precision,source_native
master_catalog,/mnt/nvme01/cosmos-web-dr1-catalog/COSMOSWeb_mastercatalog_v1.1_ml_morph.fits,HDU 1 [ML-MORPHO],disk_4_f277w,D,1,ml_morpho,disk_4_f277w,double precision,source_native
master_catalog,/mnt/nvme01/cosmos-web-dr1-catalog/COSMOSWeb_mastercatalog_v1.1_ml_morph.fits,HDU 1 [ML-MORPHO],irr_4_f277w,D,1,ml_morpho,irr_4_f277w,double precision,source_native
master_catalog,/mnt/nvme01/cosmos-web-dr1-catalog/COSMOSWeb_mastercatalog_v1.1_ml_morph.fits,HDU 1 [ML-MORPHO],bd_4_f277w,D,1,ml_morpho,bd_4_f277w,double precision,source_native
master_catalog,/mnt/nvme01/cosmos-web-dr1-catalog/COSMOSWeb_mastercatalog_v1.1_ml_morph.fits,HDU 1 [ML-MORPHO],sph_5_f277w,D,1,ml_morpho,sph_5_f277w,double precision,source_native
master_catalog,/mnt/nvme01/cosmos-web-dr1-catalog/COSMOSWeb_mastercatalog_v1.1_ml_morph.fits,HDU 1 [ML-MORPHO],disk_5_f277w,D,1,ml_morpho,disk_5_f277w,double precision,source_native
master_catalog,/mnt/nvme01/cosmos-web-dr1-catalog/COSMOSWeb_mastercatalog_v1.1_ml_morph.fits,HDU 1 [ML-MORPHO],irr_5_f277w,D,1,ml_morpho,irr_5_f277w,double precision,source_native
master_catalog,/mnt/nvme01/cosmos-web-dr1-catalog/COSMOSWeb_mastercatalog_v1.1_ml_morph.fits,HDU 1 [ML-MORPHO],bd_5_f277w,D,1,ml_morpho,bd_5_f277w,double precision,source_native
master_catalog,/mnt/nvme01/cosmos-web-dr1-catalog/COSMOSWeb_mastercatalog_v1.1_ml_morph.fits,HDU 1 [ML-MORPHO],sph_6_f277w,D,1,ml_morpho,sph_6_f277w,double precision,source_native
master_catalog,/mnt/nvme01/cosmos-web-dr1-catalog/COSMOSWeb_mastercatalog_v1.1_ml_morph.fits,HDU 1 [ML-MORPHO],disk_6_f277w,D,1,ml_morpho,disk_6_f277w,double precision,source_native
master_catalog,/mnt/nvme01/cosmos-web-dr1-catalog/COSMOSWeb_mastercatalog_v1.1_ml_morph.fits,HDU 1 [ML-MORPHO],irr_6_f277w,D,1,ml_morpho,irr_6_f277w,double precision,source_native
master_catalog,/mnt/nvme01/cosmos-web-dr1-catalog/COSMOSWeb_mastercatalog_v1.1_ml_morph.fits,HDU 1 [ML-MORPHO],bd_6_f277w,D,1,ml_morpho,bd_6_f277w,double precision,source_native
master_catalog,/mnt/nvme01/cosmos-web-dr1-catalog/COSMOSWeb_mastercatalog_v1.1_ml_morph.fits,HDU 1 [ML-MORPHO],sph_7_f277w,D,1,ml_morpho,sph_7_f277w,double precision,source_native
master_catalog,/mnt/nvme01/cosmos-web-dr1-catalog/COSMOSWeb_mastercatalog_v1.1_ml_morph.fits,HDU 1 [ML-MORPHO],disk_7_f277w,D,1,ml_morpho,disk_7_f277w,double precision,source_native
master_catalog,/mnt/nvme01/cosmos-web-dr1-catalog/COSMOSWeb_mastercatalog_v1.1_ml_morph.fits,HDU 1 [ML-MORPHO],irr_7_f277w,D,1,ml_morpho,irr_7_f277w,double precision,source_native
master_catalog,/mnt/nvme01/cosmos-web-dr1-catalog/COSMOSWeb_mastercatalog_v1.1_ml_morph.fits,HDU 1 [ML-MORPHO],bd_7_f277w,D,1,ml_morpho,bd_7_f277w,double precision,source_native
master_catalog,/mnt/nvme01/cosmos-web-dr1-catalog/COSMOSWeb_mastercatalog_v1.1_ml_morph.fits,HDU 1 [ML-MORPHO],sph_8_f277w,D,1,ml_morpho,sph_8_f277w,double precision,source_native
master_catalog,/mnt/nvme01/cosmos-web-dr1-catalog/COSMOSWeb_mastercatalog_v1.1_ml_morph.fits,HDU 1 [ML-MORPHO],disk_8_f277w,D,1,ml_morpho,disk_8_f277w,double precision,source_native
master_catalog,/mnt/nvme01/cosmos-web-dr1-catalog/COSMOSWeb_mastercatalog_v1.1_ml_morph.fits,HDU 1 [ML-MORPHO],irr_8_f277w,D,1,ml_morpho,irr_8_f277w,double precision,source_native
master_catalog,/mnt/nvme01/cosmos-web-dr1-catalog/COSMOSWeb_mastercatalog_v1.1_ml_morph.fits,HDU 1 [ML-MORPHO],bd_8_f277w,D,1,ml_morpho,bd_8_f277w,double precision,source_native
master_catalog,/mnt/nvme01/cosmos-web-dr1-catalog/COSMOSWeb_mastercatalog_v1.1_ml_morph.fits,HDU 1 [ML-MORPHO],sph_9_f277w,D,1,ml_morpho,sph_9_f277w,double precision,source_native
master_catalog,/mnt/nvme01/cosmos-web-dr1-catalog/COSMOSWeb_mastercatalog_v1.1_ml_morph.fits,HDU 1 [ML-MORPHO],disk_9_f277w,D,1,ml_morpho,disk_9_f277w,double precision,source_native
master_catalog,/mnt/nvme01/cosmos-web-dr1-catalog/COSMOSWeb_mastercatalog_v1.1_ml_morph.fits,HDU 1 [ML-MORPHO],irr_9_f277w,D,1,ml_morpho,irr_9_f277w,double precision,source_native
master_catalog,/mnt/nvme01/cosmos-web-dr1-catalog/COSMOSWeb_mastercatalog_v1.1_ml_morph.fits,HDU 1 [ML-MORPHO],bd_9_f277w,D,1,ml_morpho,bd_9_f277w,double precision,source_native
master_catalog,/mnt/nvme01/cosmos-web-dr1-catalog/COSMOSWeb_mastercatalog_v1.1_ml_morph.fits,HDU 1 [ML-MORPHO],sph_0_f444w,D,1,ml_morpho,sph_0_f444w,double precision,source_native
master_catalog,/mnt/nvme01/cosmos-web-dr1-catalog/COSMOSWeb_mastercatalog_v1.1_ml_morph.fits,HDU 1 [ML-MORPHO],disk_0_f444w,D,1,ml_morpho,disk_0_f444w,double precision,source_native
master_catalog,/mnt/nvme01/cosmos-web-dr1-catalog/COSMOSWeb_mastercatalog_v1.1_ml_morph.fits,HDU 1 [ML-MORPHO],irr_0_f444w,D,1,ml_morpho,irr_0_f444w,double precision,source_native
master_catalog,/mnt/nvme01/cosmos-web-dr1-catalog/COSMOSWeb_mastercatalog_v1.1_ml_morph.fits,HDU 1 [ML-MORPHO],bd_0_f444w,D,1,ml_morpho,bd_0_f444w,double precision,source_native
master_catalog,/mnt/nvme01/cosmos-web-dr1-catalog/COSMOSWeb_mastercatalog_v1.1_ml_morph.fits,HDU 1 [ML-MORPHO],sph_1_f444w,D,1,ml_morpho,sph_1_f444w,double precision,source_native
master_catalog,/mnt/nvme01/cosmos-web-dr1-catalog/COSMOSWeb_mastercatalog_v1.1_ml_morph.fits,HDU 1 [ML-MORPHO],disk_1_f444w,D,1,ml_morpho,disk_1_f444w,double precision,source_native
master_catalog,/mnt/nvme01/cosmos-web-dr1-catalog/COSMOSWeb_mastercatalog_v1.1_ml_morph.fits,HDU 1 [ML-MORPHO],irr_1_f444w,D,1,ml_morpho,irr_1_f444w,double precision,source_native
master_catalog,/mnt/nvme01/cosmos-web-dr1-catalog/COSMOSWeb_mastercatalog_v1.1_ml_morph.fits,HDU 1 [ML-MORPHO],bd_1_f444w,D,1,ml_morpho,bd_1_f444w,double precision,source_native
master_catalog,/mnt/nvme01/cosmos-web-dr1-catalog/COSMOSWeb_mastercatalog_v1.1_ml_morph.fits,HDU 1 [ML-MORPHO],sph_2_f444w,D,1,ml_morpho,sph_2_f444w,double precision,source_native
master_catalog,/mnt/nvme01/cosmos-web-dr1-catalog/COSMOSWeb_mastercatalog_v1.1_ml_morph.fits,HDU 1 [ML-MORPHO],disk_2_f444w,D,1,ml_morpho,disk_2_f444w,double precision,source_native
master_catalog,/mnt/nvme01/cosmos-web-dr1-catalog/COSMOSWeb_mastercatalog_v1.1_ml_morph.fits,HDU 1 [ML-MORPHO],irr_2_f444w,D,1,ml_morpho,irr_2_f444w,double precision,source_native
master_catalog,/mnt/nvme01/cosmos-web-dr1-catalog/COSMOSWeb_mastercatalog_v1.1_ml_morph.fits,HDU 1 [ML-MORPHO],bd_2_f444w,D,1,ml_morpho,bd_2_f444w,double precision,source_native
master_catalog,/mnt/nvme01/cosmos-web-dr1-catalog/COSMOSWeb_mastercatalog_v1.1_ml_morph.fits,HDU 1 [ML-MORPHO],sph_3_f444w,D,1,ml_morpho,sph_3_f444w,double precision,source_native
master_catalog,/mnt/nvme01/cosmos-web-dr1-catalog/COSMOSWeb_mastercatalog_v1.1_ml_morph.fits,HDU 1 [ML-MORPHO],disk_3_f444w,D,1,ml_morpho,disk_3_f444w,double precision,source_native
master_catalog,/mnt/nvme01/cosmos-web-dr1-catalog/COSMOSWeb_mastercatalog_v1.1_ml_morph.fits,HDU 1 [ML-MORPHO],irr_3_f444w,D,1,ml_morpho,irr_3_f444w,double precision,source_native
master_catalog,/mnt/nvme01/cosmos-web-dr1-catalog/COSMOSWeb_mastercatalog_v1.1_ml_morph.fits,HDU 1 [ML-MORPHO],bd_3_f444w,D,1,ml_morpho,bd_3_f444w,double precision,source_native
master_catalog,/mnt/nvme01/cosmos-web-dr1-catalog/COSMOSWeb_mastercatalog_v1.1_ml_morph.fits,HDU 1 [ML-MORPHO],sph_4_f444w,D,1,ml_morpho,sph_4_f444w,double precision,source_native
master_catalog,/mnt/nvme01/cosmos-web-dr1-catalog/COSMOSWeb_mastercatalog_v1.1_ml_morph.fits,HDU 1 [ML-MORPHO],disk_4_f444w,D,1,ml_morpho,disk_4_f444w,double precision,source_native
master_catalog,/mnt/nvme01/cosmos-web-dr1-catalog/COSMOSWeb_mastercatalog_v1.1_ml_morph.fits,HDU 1 [ML-MORPHO],irr_4_f444w,D,1,ml_morpho,irr_4_f444w,double precision,source_native
master_catalog,/mnt/nvme01/cosmos-web-dr1-catalog/COSMOSWeb_mastercatalog_v1.1_ml_morph.fits,HDU 1 [ML-MORPHO],bd_4_f444w,D,1,ml_morpho,bd_4_f444w,double precision,source_native
master_catalog,/mnt/nvme01/cosmos-web-dr1-catalog/COSMOSWeb_mastercatalog_v1.1_ml_morph.fits,HDU 1 [ML-MORPHO],sph_5_f444w,D,1,ml_morpho,sph_5_f444w,double precision,source_native
master_catalog,/mnt/nvme01/cosmos-web-dr1-catalog/COSMOSWeb_mastercatalog_v1.1_ml_morph.fits,HDU 1 [ML-MORPHO],disk_5_f444w,D,1,ml_morpho,disk_5_f444w,double precision,source_native
master_catalog,/mnt/nvme01/cosmos-web-dr1-catalog/COSMOSWeb_mastercatalog_v1.1_ml_morph.fits,HDU 1 [ML-MORPHO],irr_5_f444w,D,1,ml_morpho,irr_5_f444w,double precision,source_native
master_catalog,/mnt/nvme01/cosmos-web-dr1-catalog/COSMOSWeb_mastercatalog_v1.1_ml_morph.fits,HDU 1 [ML-MORPHO],bd_5_f444w,D,1,ml_morpho,bd_5_f444w,double precision,source_native
master_catalog,/mnt/nvme01/cosmos-web-dr1-catalog/COSMOSWeb_mastercatalog_v1.1_ml_morph.fits,HDU 1 [ML-MORPHO],sph_6_f444w,D,1,ml_morpho,sph_6_f444w,double precision,source_native
master_catalog,/mnt/nvme01/cosmos-web-dr1-catalog/COSMOSWeb_mastercatalog_v1.1_ml_morph.fits,HDU 1 [ML-MORPHO],disk_6_f444w,D,1,ml_morpho,disk_6_f444w,double precision,source_native
master_catalog,/mnt/nvme01/cosmos-web-dr1-catalog/COSMOSWeb_mastercatalog_v1.1_ml_morph.fits,HDU 1 [ML-MORPHO],irr_6_f444w,D,1,ml_morpho,irr_6_f444w,double precision,source_native
master_catalog,/mnt/nvme01/cosmos-web-dr1-catalog/COSMOSWeb_mastercatalog_v1.1_ml_morph.fits,HDU 1 [ML-MORPHO],bd_6_f444w,D,1,ml_morpho,bd_6_f444w,double precision,source_native
master_catalog,/mnt/nvme01/cosmos-web-dr1-catalog/COSMOSWeb_mastercatalog_v1.1_ml_morph.fits,HDU 1 [ML-MORPHO],sph_7_f444w,D,1,ml_morpho,sph_7_f444w,double precision,source_native
master_catalog,/mnt/nvme01/cosmos-web-dr1-catalog/COSMOSWeb_mastercatalog_v1.1_ml_morph.fits,HDU 1 [ML-MORPHO],disk_7_f444w,D,1,ml_morpho,disk_7_f444w,double precision,source_native
master_catalog,/mnt/nvme01/cosmos-web-dr1-catalog/COSMOSWeb_mastercatalog_v1.1_ml_morph.fits,HDU 1 [ML-MORPHO],irr_7_f444w,D,1,ml_morpho,irr_7_f444w,double precision,source_native
master_catalog,/mnt/nvme01/cosmos-web-dr1-catalog/COSMOSWeb_mastercatalog_v1.1_ml_morph.fits,HDU 1 [ML-MORPHO],bd_7_f444w,D,1,ml_morpho,bd_7_f444w,double precision,source_native
master_catalog,/mnt/nvme01/cosmos-web-dr1-catalog/COSMOSWeb_mastercatalog_v1.1_ml_morph.fits,HDU 1 [ML-MORPHO],sph_8_f444w,D,1,ml_morpho,sph_8_f444w,double precision,source_native
master_catalog,/mnt/nvme01/cosmos-web-dr1-catalog/COSMOSWeb_mastercatalog_v1.1_ml_morph.fits,HDU 1 [ML-MORPHO],disk_8_f444w,D,1,ml_morpho,disk_8_f444w,double precision,source_native
master_catalog,/mnt/nvme01/cosmos-web-dr1-catalog/COSMOSWeb_mastercatalog_v1.1_ml_morph.fits,HDU 1 [ML-MORPHO],irr_8_f444w,D,1,ml_morpho,irr_8_f444w,double precision,source_native
master_catalog,/mnt/nvme01/cosmos-web-dr1-catalog/COSMOSWeb_mastercatalog_v1.1_ml_morph.fits,HDU 1 [ML-MORPHO],bd_8_f444w,D,1,ml_morpho,bd_8_f444w,double precision,source_native
master_catalog,/mnt/nvme01/cosmos-web-dr1-catalog/COSMOSWeb_mastercatalog_v1.1_ml_morph.fits,HDU 1 [ML-MORPHO],sph_9_f444w,D,1,ml_morpho,sph_9_f444w,double precision,source_native
master_catalog,/mnt/nvme01/cosmos-web-dr1-catalog/COSMOSWeb_mastercatalog_v1.1_ml_morph.fits,HDU 1 [ML-MORPHO],disk_9_f444w,D,1,ml_morpho,disk_9_f444w,double precision,source_native
master_catalog,/mnt/nvme01/cosmos-web-dr1-catalog/COSMOSWeb_mastercatalog_v1.1_ml_morph.fits,HDU 1 [ML-MORPHO],irr_9_f444w,D,1,ml_morpho,irr_9_f444w,double precision,source_native
master_catalog,/mnt/nvme01/cosmos-web-dr1-catalog/COSMOSWeb_mastercatalog_v1.1_ml_morph.fits,HDU 1 [ML-MORPHO],bd_9_f444w,D,1,ml_morpho,bd_9_f444w,double precision,source_native
master_catalog,/mnt/nvme01/cosmos-web-dr1-catalog/COSMOSWeb_mastercatalog_v1.1_ml_morph.fits,HDU 1 [ML-MORPHO],sph_f150w_mean,D,1,ml_morpho,sph_f150w_mean,double precision,source_native
master_catalog,/mnt/nvme01/cosmos-web-dr1-catalog/COSMOSWeb_mastercatalog_v1.1_ml_morph.fits,HDU 1 [ML-MORPHO],sph_f150w_std,D,1,ml_morpho,sph_f150w_std,double precision,source_native
master_catalog,/mnt/nvme01/cosmos-web-dr1-catalog/COSMOSWeb_mastercatalog_v1.1_ml_morph.fits,HDU 1 [ML-MORPHO],disk_f150w_mean,D,1,ml_morpho,disk_f150w_mean,double precision,source_native
master_catalog,/mnt/nvme01/cosmos-web-dr1-catalog/COSMOSWeb_mastercatalog_v1.1_ml_morph.fits,HDU 1 [ML-MORPHO],disk_f150w_std,D,1,ml_morpho,disk_f150w_std,double precision,source_native
master_catalog,/mnt/nvme01/cosmos-web-dr1-catalog/COSMOSWeb_mastercatalog_v1.1_ml_morph.fits,HDU 1 [ML-MORPHO],irr_f150w_mean,D,1,ml_morpho,irr_f150w_mean,double precision,source_native
master_catalog,/mnt/nvme01/cosmos-web-dr1-catalog/COSMOSWeb_mastercatalog_v1.1_ml_morph.fits,HDU 1 [ML-MORPHO],irr_f150w_std,D,1,ml_morpho,irr_f150w_std,double precision,source_native
master_catalog,/mnt/nvme01/cosmos-web-dr1-catalog/COSMOSWeb_mastercatalog_v1.1_ml_morph.fits,HDU 1 [ML-MORPHO],bd_f150w_mean,D,1,ml_morpho,bd_f150w_mean,double precision,source_native
master_catalog,/mnt/nvme01/cosmos-web-dr1-catalog/COSMOSWeb_mastercatalog_v1.1_ml_morph.fits,HDU 1 [ML-MORPHO],bd_f150w_std,D,1,ml_morpho,bd_f150w_std,double precision,source_native
master_catalog,/mnt/nvme01/cosmos-web-dr1-catalog/COSMOSWeb_mastercatalog_v1.1_ml_morph.fits,HDU 1 [ML-MORPHO],sph_f277w_mean,D,1,ml_morpho,sph_f277w_mean,double precision,source_native
master_catalog,/mnt/nvme01/cosmos-web-dr1-catalog/COSMOSWeb_mastercatalog_v1.1_ml_morph.fits,HDU 1 [ML-MORPHO],sph_f277w_std,D,1,ml_morpho,sph_f277w_std,double precision,source_native
master_catalog,/mnt/nvme01/cosmos-web-dr1-catalog/COSMOSWeb_mastercatalog_v1.1_ml_morph.fits,HDU 1 [ML-MORPHO],disk_f277w_mean,D,1,ml_morpho,disk_f277w_mean,double precision,source_native
master_catalog,/mnt/nvme01/cosmos-web-dr1-catalog/COSMOSWeb_mastercatalog_v1.1_ml_morph.fits,HDU 1 [ML-MORPHO],disk_f277w_std,D,1,ml_morpho,disk_f277w_std,double precision,source_native
master_catalog,/mnt/nvme01/cosmos-web-dr1-catalog/COSMOSWeb_mastercatalog_v1.1_ml_morph.fits,HDU 1 [ML-MORPHO],irr_f277w_mean,D,1,ml_morpho,irr_f277w_mean,double precision,source_native
master_catalog,/mnt/nvme01/cosmos-web-dr1-catalog/COSMOSWeb_mastercatalog_v1.1_ml_morph.fits,HDU 1 [ML-MORPHO],irr_f277w_std,D,1,ml_morpho,irr_f277w_std,double precision,source_native
master_catalog,/mnt/nvme01/cosmos-web-dr1-catalog/COSMOSWeb_mastercatalog_v1.1_ml_morph.fits,HDU 1 [ML-MORPHO],bd_f277w_mean,D,1,ml_morpho,bd_f277w_mean,double precision,source_native
master_catalog,/mnt/nvme01/cosmos-web-dr1-catalog/COSMOSWeb_mastercatalog_v1.1_ml_morph.fits,HDU 1 [ML-MORPHO],bd_f277w_std,D,1,ml_morpho,bd_f277w_std,double precision,source_native
master_catalog,/mnt/nvme01/cosmos-web-dr1-catalog/COSMOSWeb_mastercatalog_v1.1_ml_morph.fits,HDU 1 [ML-MORPHO],sph_f444w_mean,D,1,ml_morpho,sph_f444w_mean,double precision,source_native
master_catalog,/mnt/nvme01/cosmos-web-dr1-catalog/COSMOSWeb_mastercatalog_v1.1_ml_morph.fits,HDU 1 [ML-MORPHO],sph_f444w_std,D,1,ml_morpho,sph_f444w_std,double precision,source_native
master_catalog,/mnt/nvme01/cosmos-web-dr1-catalog/COSMOSWeb_mastercatalog_v1.1_ml_morph.fits,HDU 1 [ML-MORPHO],disk_f444w_mean,D,1,ml_morpho,disk_f444w_mean,double precision,source_native
master_catalog,/mnt/nvme01/cosmos-web-dr1-catalog/COSMOSWeb_mastercatalog_v1.1_ml_morph.fits,HDU 1 [ML-MORPHO],disk_f444w_std,D,1,ml_morpho,disk_f444w_std,double precision,source_native
master_catalog,/mnt/nvme01/cosmos-web-dr1-catalog/COSMOSWeb_mastercatalog_v1.1_ml_morph.fits,HDU 1 [ML-MORPHO],irr_f444w_mean,D,1,ml_morpho,irr_f444w_mean,double precision,source_native
master_catalog,/mnt/nvme01/cosmos-web-dr1-catalog/COSMOSWeb_mastercatalog_v1.1_ml_morph.fits,HDU 1 [ML-MORPHO],irr_f444w_std,D,1,ml_morpho,irr_f444w_std,double precision,source_native
master_catalog,/mnt/nvme01/cosmos-web-dr1-catalog/COSMOSWeb_mastercatalog_v1.1_ml_morph.fits,HDU 1 [ML-MORPHO],bd_f444w_mean,D,1,ml_morpho,bd_f444w_mean,double precision,source_native
master_catalog,/mnt/nvme01/cosmos-web-dr1-catalog/COSMOSWeb_mastercatalog_v1.1_ml_morph.fits,HDU 1 [ML-MORPHO],bd_f444w_std,D,1,ml_morpho,bd_f444w_std,double precision,source_native
master_catalog,/mnt/nvme01/cosmos-web-dr1-catalog/COSMOSWeb_mastercatalog_v1.1_ml_morph.fits,HDU 1 [ML-MORPHO],morph_flag_f277w,K,1,ml_morpho,morph_flag_f277w,bigint,source_native
master_catalog,/mnt/nvme01/cosmos-web-dr1-catalog/COSMOSWeb_mastercatalog_v1.1_ml_morph.fits,HDU 1 [ML-MORPHO],delta_f277w,D,1,ml_morpho,delta_f277w,double precision,source_native
master_catalog,/mnt/nvme01/cosmos-web-dr1-catalog/COSMOSWeb_mastercatalog_v1.1_ml_morph.fits,HDU 1 [ML-MORPHO],morph_flag_f444w,K,1,ml_morpho,morph_flag_f444w,bigint,source_native
master_catalog,/mnt/nvme01/cosmos-web-dr1-catalog/COSMOSWeb_mastercatalog_v1.1_ml_morph.fits,HDU 1 [ML-MORPHO],delta_f444w,D,1,ml_morpho,delta_f444w,double precision,source_native
master_catalog,/mnt/nvme01/cosmos-web-dr1-catalog/COSMOSWeb_mastercatalog_v1.1_ml_morph.fits,HDU 1 [ML-MORPHO],morph_flag_f150w,K,1,ml_morpho,morph_flag_f150w,bigint,source_native
master_catalog,/mnt/nvme01/cosmos-web-dr1-catalog/COSMOSWeb_mastercatalog_v1.1_ml_morph.fits,HDU 1 [ML-MORPHO],delta_f150w,D,1,ml_morpho,delta_f150w,double precision,source_native
master_catalog,/mnt/nvme01/cosmos-web-dr1-catalog/COSMOSWeb_mastercatalog_v1.1_bulgedisk.fits,HDU 1 [B+D],ra_detec_bd,D,1,bulge_disk,ra_detec_bd,double precision,source_native
master_catalog,/mnt/nvme01/cosmos-web-dr1-catalog/COSMOSWeb_mastercatalog_v1.1_bulgedisk.fits,HDU 1 [B+D],dec_detec_bd,D,1,bulge_disk,dec_detec_bd,double precision,source_native
master_catalog,/mnt/nvme01/cosmos-web-dr1-catalog/COSMOSWeb_mastercatalog_v1.1_bulgedisk.fits,HDU 1 [B+D],disk_radius_deg,D,1,bulge_disk,disk_radius_deg,double precision,source_native
master_catalog,/mnt/nvme01/cosmos-web-dr1-catalog/COSMOSWeb_mastercatalog_v1.1_bulgedisk.fits,HDU 1 [B+D],disk_radius_deg_err,D,1,bulge_disk,disk_radius_deg_err,double precision,source_native
master_catalog,/mnt/nvme01/cosmos-web-dr1-catalog/COSMOSWeb_mastercatalog_v1.1_bulgedisk.fits,HDU 1 [B+D],bulge_radius_deg,D,1,bulge_disk,bulge_radius_deg,double precision,source_native
master_catalog,/mnt/nvme01/cosmos-web-dr1-catalog/COSMOSWeb_mastercatalog_v1.1_bulgedisk.fits,HDU 1 [B+D],bulge_radius_deg_err,D,1,bulge_disk,bulge_radius_deg_err,double precision,source_native
master_catalog,/mnt/nvme01/cosmos-web-dr1-catalog/COSMOSWeb_mastercatalog_v1.1_bulgedisk.fits,HDU 1 [B+D],angle_bd,D,1,bulge_disk,angle_bd,double precision,source_native
master_catalog,/mnt/nvme01/cosmos-web-dr1-catalog/COSMOSWeb_mastercatalog_v1.1_bulgedisk.fits,HDU 1 [B+D],angle_bd_err,D,1,bulge_disk,angle_bd_err,double precision,source_native
master_catalog,/mnt/nvme01/cosmos-web-dr1-catalog/COSMOSWeb_mastercatalog_v1.1_bulgedisk.fits,HDU 1 [B+D],disk_axratio,D,1,bulge_disk,disk_axratio,double precision,source_native
master_catalog,/mnt/nvme01/cosmos-web-dr1-catalog/COSMOSWeb_mastercatalog_v1.1_bulgedisk.fits,HDU 1 [B+D],disk_axratio_err,D,1,bulge_disk,disk_axratio_err,double precision,source_native
master_catalog,/mnt/nvme01/cosmos-web-dr1-catalog/COSMOSWeb_mastercatalog_v1.1_bulgedisk.fits,HDU 1 [B+D],bulge_axratio,D,1,bulge_disk,bulge_axratio,double precision,source_native
master_catalog,/mnt/nvme01/cosmos-web-dr1-catalog/COSMOSWeb_mastercatalog_v1.1_bulgedisk.fits,HDU 1 [B+D],bulge_axratio_err,D,1,bulge_disk,bulge_axratio_err,double precision,source_native
master_catalog,/mnt/nvme01/cosmos-web-dr1-catalog/COSMOSWeb_mastercatalog_v1.1_bulgedisk.fits,HDU 1 [B+D],fmf_b+d_chi2,D,1,bulge_disk,fmf_b_d_chi2,double precision,source_native
master_catalog,/mnt/nvme01/cosmos-web-dr1-catalog/COSMOSWeb_mastercatalog_v1.1_bulgedisk.fits,HDU 1 [B+D],mag_model_bd_total_f115w,D,1,bulge_disk,mag_model_bd_total_f115w,double precision,source_native
master_catalog,/mnt/nvme01/cosmos-web-dr1-catalog/COSMOSWeb_mastercatalog_v1.1_bulgedisk.fits,HDU 1 [B+D],mag_model_bd_total_f150w,D,1,bulge_disk,mag_model_bd_total_f150w,double precision,source_native
master_catalog,/mnt/nvme01/cosmos-web-dr1-catalog/COSMOSWeb_mastercatalog_v1.1_bulgedisk.fits,HDU 1 [B+D],mag_model_bd_total_f277w,D,1,bulge_disk,mag_model_bd_total_f277w,double precision,source_native
master_catalog,/mnt/nvme01/cosmos-web-dr1-catalog/COSMOSWeb_mastercatalog_v1.1_bulgedisk.fits,HDU 1 [B+D],mag_model_bd_total_f444w,D,1,bulge_disk,mag_model_bd_total_f444w,double precision,source_native
master_catalog,/mnt/nvme01/cosmos-web-dr1-catalog/COSMOSWeb_mastercatalog_v1.1_bulgedisk.fits,HDU 1 [B+D],mag_err_model_bd_total_f115w,D,1,bulge_disk,mag_err_model_bd_total_f115w,double precision,source_native
master_catalog,/mnt/nvme01/cosmos-web-dr1-catalog/COSMOSWeb_mastercatalog_v1.1_bulgedisk.fits,HDU 1 [B+D],mag_err_model_bd_total_f150w,D,1,bulge_disk,mag_err_model_bd_total_f150w,double precision,source_native
master_catalog,/mnt/nvme01/cosmos-web-dr1-catalog/COSMOSWeb_mastercatalog_v1.1_bulgedisk.fits,HDU 1 [B+D],mag_err_model_bd_total_f277w,D,1,bulge_disk,mag_err_model_bd_total_f277w,double precision,source_native
master_catalog,/mnt/nvme01/cosmos-web-dr1-catalog/COSMOSWeb_mastercatalog_v1.1_bulgedisk.fits,HDU 1 [B+D],mag_err_model_bd_total_f444w,D,1,bulge_disk,mag_err_model_bd_total_f444w,double precision,source_native
master_catalog,/mnt/nvme01/cosmos-web-dr1-catalog/COSMOSWeb_mastercatalog_v1.1_bulgedisk.fits,HDU 1 [B+D],mag_model_bulge_f115w,D,1,bulge_disk,mag_model_bulge_f115w,double precision,source_native
master_catalog,/mnt/nvme01/cosmos-web-dr1-catalog/COSMOSWeb_mastercatalog_v1.1_bulgedisk.fits,HDU 1 [B+D],mag_model_bulge_f150w,D,1,bulge_disk,mag_model_bulge_f150w,double precision,source_native
master_catalog,/mnt/nvme01/cosmos-web-dr1-catalog/COSMOSWeb_mastercatalog_v1.1_bulgedisk.fits,HDU 1 [B+D],mag_model_bulge_f277w,D,1,bulge_disk,mag_model_bulge_f277w,double precision,source_native
master_catalog,/mnt/nvme01/cosmos-web-dr1-catalog/COSMOSWeb_mastercatalog_v1.1_bulgedisk.fits,HDU 1 [B+D],mag_model_bulge_f444w,D,1,bulge_disk,mag_model_bulge_f444w,double precision,source_native
master_catalog,/mnt/nvme01/cosmos-web-dr1-catalog/COSMOSWeb_mastercatalog_v1.1_bulgedisk.fits,HDU 1 [B+D],mag_err_model_bulge_f115w,D,1,bulge_disk,mag_err_model_bulge_f115w,double precision,source_native
master_catalog,/mnt/nvme01/cosmos-web-dr1-catalog/COSMOSWeb_mastercatalog_v1.1_bulgedisk.fits,HDU 1 [B+D],mag_err_model_bulge_f150w,D,1,bulge_disk,mag_err_model_bulge_f150w,double precision,source_native
master_catalog,/mnt/nvme01/cosmos-web-dr1-catalog/COSMOSWeb_mastercatalog_v1.1_bulgedisk.fits,HDU 1 [B+D],mag_err_model_bulge_f277w,D,1,bulge_disk,mag_err_model_bulge_f277w,double precision,source_native
master_catalog,/mnt/nvme01/cosmos-web-dr1-catalog/COSMOSWeb_mastercatalog_v1.1_bulgedisk.fits,HDU 1 [B+D],mag_err_model_bulge_f444w,D,1,bulge_disk,mag_err_model_bulge_f444w,double precision,source_native
master_catalog,/mnt/nvme01/cosmos-web-dr1-catalog/COSMOSWeb_mastercatalog_v1.1_bulgedisk.fits,HDU 1 [B+D],mag_model_disk_f115w,D,1,bulge_disk,mag_model_disk_f115w,double precision,source_native
master_catalog,/mnt/nvme01/cosmos-web-dr1-catalog/COSMOSWeb_mastercatalog_v1.1_bulgedisk.fits,HDU 1 [B+D],mag_model_disk_f150w,D,1,bulge_disk,mag_model_disk_f150w,double precision,source_native
master_catalog,/mnt/nvme01/cosmos-web-dr1-catalog/COSMOSWeb_mastercatalog_v1.1_bulgedisk.fits,HDU 1 [B+D],mag_model_disk_f277w,D,1,bulge_disk,mag_model_disk_f277w,double precision,source_native
master_catalog,/mnt/nvme01/cosmos-web-dr1-catalog/COSMOSWeb_mastercatalog_v1.1_bulgedisk.fits,HDU 1 [B+D],mag_model_disk_f444w,D,1,bulge_disk,mag_model_disk_f444w,double precision,source_native
master_catalog,/mnt/nvme01/cosmos-web-dr1-catalog/COSMOSWeb_mastercatalog_v1.1_bulgedisk.fits,HDU 1 [B+D],mag_err_model_disk_f115w,D,1,bulge_disk,mag_err_model_disk_f115w,double precision,source_native
master_catalog,/mnt/nvme01/cosmos-web-dr1-catalog/COSMOSWeb_mastercatalog_v1.1_bulgedisk.fits,HDU 1 [B+D],mag_err_model_disk_f150w,D,1,bulge_disk,mag_err_model_disk_f150w,double precision,source_native
master_catalog,/mnt/nvme01/cosmos-web-dr1-catalog/COSMOSWeb_mastercatalog_v1.1_bulgedisk.fits,HDU 1 [B+D],mag_err_model_disk_f277w,D,1,bulge_disk,mag_err_model_disk_f277w,double precision,source_native
master_catalog,/mnt/nvme01/cosmos-web-dr1-catalog/COSMOSWeb_mastercatalog_v1.1_bulgedisk.fits,HDU 1 [B+D],mag_err_model_disk_f444w,D,1,bulge_disk,mag_err_model_disk_f444w,double precision,source_native
master_catalog,/mnt/nvme01/cosmos-web-dr1-catalog/COSMOSWeb_mastercatalog_v1.1_bulgedisk.fits,HDU 1 [B+D],flux_model_bd_total_f115w,D,1,bulge_disk,flux_model_bd_total_f115w,double precision,source_native
master_catalog,/mnt/nvme01/cosmos-web-dr1-catalog/COSMOSWeb_mastercatalog_v1.1_bulgedisk.fits,HDU 1 [B+D],flux_model_bd_total_f150w,D,1,bulge_disk,flux_model_bd_total_f150w,double precision,source_native
master_catalog,/mnt/nvme01/cosmos-web-dr1-catalog/COSMOSWeb_mastercatalog_v1.1_bulgedisk.fits,HDU 1 [B+D],flux_model_bd_total_f277w,D,1,bulge_disk,flux_model_bd_total_f277w,double precision,source_native
master_catalog,/mnt/nvme01/cosmos-web-dr1-catalog/COSMOSWeb_mastercatalog_v1.1_bulgedisk.fits,HDU 1 [B+D],flux_model_bd_total_f444w,D,1,bulge_disk,flux_model_bd_total_f444w,double precision,source_native
master_catalog,/mnt/nvme01/cosmos-web-dr1-catalog/COSMOSWeb_mastercatalog_v1.1_bulgedisk.fits,HDU 1 [B+D],flux_err_model_bd_total_f115w,D,1,bulge_disk,flux_err_model_bd_total_f115w,double precision,source_native
master_catalog,/mnt/nvme01/cosmos-web-dr1-catalog/COSMOSWeb_mastercatalog_v1.1_bulgedisk.fits,HDU 1 [B+D],flux_err_model_bd_total_f150w,D,1,bulge_disk,flux_err_model_bd_total_f150w,double precision,source_native
master_catalog,/mnt/nvme01/cosmos-web-dr1-catalog/COSMOSWeb_mastercatalog_v1.1_bulgedisk.fits,HDU 1 [B+D],flux_err_model_bd_total_f277w,D,1,bulge_disk,flux_err_model_bd_total_f277w,double precision,source_native
master_catalog,/mnt/nvme01/cosmos-web-dr1-catalog/COSMOSWeb_mastercatalog_v1.1_bulgedisk.fits,HDU 1 [B+D],flux_err_model_bd_total_f444w,D,1,bulge_disk,flux_err_model_bd_total_f444w,double precision,source_native
master_catalog,/mnt/nvme01/cosmos-web-dr1-catalog/COSMOSWeb_mastercatalog_v1.1_bulgedisk.fits,HDU 1 [B+D],flux_model_bulge_f115w,D,1,bulge_disk,flux_model_bulge_f115w,double precision,source_native
master_catalog,/mnt/nvme01/cosmos-web-dr1-catalog/COSMOSWeb_mastercatalog_v1.1_bulgedisk.fits,HDU 1 [B+D],flux_model_bulge_f150w,D,1,bulge_disk,flux_model_bulge_f150w,double precision,source_native
master_catalog,/mnt/nvme01/cosmos-web-dr1-catalog/COSMOSWeb_mastercatalog_v1.1_bulgedisk.fits,HDU 1 [B+D],flux_model_bulge_f277w,D,1,bulge_disk,flux_model_bulge_f277w,double precision,source_native
master_catalog,/mnt/nvme01/cosmos-web-dr1-catalog/COSMOSWeb_mastercatalog_v1.1_bulgedisk.fits,HDU 1 [B+D],flux_model_bulge_f444w,D,1,bulge_disk,flux_model_bulge_f444w,double precision,source_native
master_catalog,/mnt/nvme01/cosmos-web-dr1-catalog/COSMOSWeb_mastercatalog_v1.1_bulgedisk.fits,HDU 1 [B+D],flux_err_model_bulge_f115w,D,1,bulge_disk,flux_err_model_bulge_f115w,double precision,source_native
master_catalog,/mnt/nvme01/cosmos-web-dr1-catalog/COSMOSWeb_mastercatalog_v1.1_bulgedisk.fits,HDU 1 [B+D],flux_err_model_bulge_f150w,D,1,bulge_disk,flux_err_model_bulge_f150w,double precision,source_native
master_catalog,/mnt/nvme01/cosmos-web-dr1-catalog/COSMOSWeb_mastercatalog_v1.1_bulgedisk.fits,HDU 1 [B+D],flux_err_model_bulge_f277w,D,1,bulge_disk,flux_err_model_bulge_f277w,double precision,source_native
master_catalog,/mnt/nvme01/cosmos-web-dr1-catalog/COSMOSWeb_mastercatalog_v1.1_bulgedisk.fits,HDU 1 [B+D],flux_err_model_bulge_f444w,D,1,bulge_disk,flux_err_model_bulge_f444w,double precision,source_native
master_catalog,/mnt/nvme01/cosmos-web-dr1-catalog/COSMOSWeb_mastercatalog_v1.1_bulgedisk.fits,HDU 1 [B+D],flux_model_disk_f115w,D,1,bulge_disk,flux_model_disk_f115w,double precision,source_native
master_catalog,/mnt/nvme01/cosmos-web-dr1-catalog/COSMOSWeb_mastercatalog_v1.1_bulgedisk.fits,HDU 1 [B+D],flux_model_disk_f150w,D,1,bulge_disk,flux_model_disk_f150w,double precision,source_native
master_catalog,/mnt/nvme01/cosmos-web-dr1-catalog/COSMOSWeb_mastercatalog_v1.1_bulgedisk.fits,HDU 1 [B+D],flux_model_disk_f277w,D,1,bulge_disk,flux_model_disk_f277w,double precision,source_native
master_catalog,/mnt/nvme01/cosmos-web-dr1-catalog/COSMOSWeb_mastercatalog_v1.1_bulgedisk.fits,HDU 1 [B+D],flux_model_disk_f444w,D,1,bulge_disk,flux_model_disk_f444w,double precision,source_native
master_catalog,/mnt/nvme01/cosmos-web-dr1-catalog/COSMOSWeb_mastercatalog_v1.1_bulgedisk.fits,HDU 1 [B+D],flux_err_model_disk_f115w,D,1,bulge_disk,flux_err_model_disk_f115w,double precision,source_native
master_catalog,/mnt/nvme01/cosmos-web-dr1-catalog/COSMOSWeb_mastercatalog_v1.1_bulgedisk.fits,HDU 1 [B+D],flux_err_model_disk_f150w,D,1,bulge_disk,flux_err_model_disk_f150w,double precision,source_native
master_catalog,/mnt/nvme01/cosmos-web-dr1-catalog/COSMOSWeb_mastercatalog_v1.1_bulgedisk.fits,HDU 1 [B+D],flux_err_model_disk_f277w,D,1,bulge_disk,flux_err_model_disk_f277w,double precision,source_native
master_catalog,/mnt/nvme01/cosmos-web-dr1-catalog/COSMOSWeb_mastercatalog_v1.1_bulgedisk.fits,HDU 1 [B+D],flux_err_model_disk_f444w,D,1,bulge_disk,flux_err_model_disk_f444w,double precision,source_native
master_catalog,/mnt/nvme01/cosmos-web-dr1-catalog/COSMOSWeb_mastercatalog_v1.1_bulgedisk.fits,HDU 1 [B+D],b/t_f115w,D,1,bulge_disk,b_t_f115w,double precision,source_native
master_catalog,/mnt/nvme01/cosmos-web-dr1-catalog/COSMOSWeb_mastercatalog_v1.1_bulgedisk.fits,HDU 1 [B+D],b/t_f150w,D,1,bulge_disk,b_t_f150w,double precision,source_native
master_catalog,/mnt/nvme01/cosmos-web-dr1-catalog/COSMOSWeb_mastercatalog_v1.1_bulgedisk.fits,HDU 1 [B+D],b/t_f277w,D,1,bulge_disk,b_t_f277w,double precision,source_native
master_catalog,/mnt/nvme01/cosmos-web-dr1-catalog/COSMOSWeb_mastercatalog_v1.1_bulgedisk.fits,HDU 1 [B+D],b/t_f444w,D,1,bulge_disk,b_t_f444w,double precision,source_native
master_catalog,/mnt/nvme01/cosmos-web-dr1-catalog/COSMOSWeb_mastercatalog_v1.1_bulgedisk.fits,HDU 1 [B+D],b/t_err_f115w,D,1,bulge_disk,b_t_err_f115w,double precision,source_native
master_catalog,/mnt/nvme01/cosmos-web-dr1-catalog/COSMOSWeb_mastercatalog_v1.1_bulgedisk.fits,HDU 1 [B+D],b/t_err_f150w,D,1,bulge_disk,b_t_err_f150w,double precision,source_native
master_catalog,/mnt/nvme01/cosmos-web-dr1-catalog/COSMOSWeb_mastercatalog_v1.1_bulgedisk.fits,HDU 1 [B+D],b/t_err_f277w,D,1,bulge_disk,b_t_err_f277w,double precision,source_native
master_catalog,/mnt/nvme01/cosmos-web-dr1-catalog/COSMOSWeb_mastercatalog_v1.1_bulgedisk.fits,HDU 1 [B+D],b/t_err_f444w,D,1,bulge_disk,b_t_err_f444w,double precision,source_native
master_catalog,/mnt/nvme01/cosmos-web-dr1-catalog/COSMOSWeb_mastercatalog_v1.1_bulgedisk.fits,HDU 1 [B+D],mag_model_bd_total_hst-f814w,D,1,bulge_disk,mag_model_bd_total_hst_f814w,double precision,source_native
master_catalog,/mnt/nvme01/cosmos-web-dr1-catalog/COSMOSWeb_mastercatalog_v1.1_bulgedisk.fits,HDU 1 [B+D],mag_model_bd_total_f770w,D,1,bulge_disk,mag_model_bd_total_f770w,double precision,source_native
master_catalog,/mnt/nvme01/cosmos-web-dr1-catalog/COSMOSWeb_mastercatalog_v1.1_bulgedisk.fits,HDU 1 [B+D],mag_model_bd_total_cfht-u,D,1,bulge_disk,mag_model_bd_total_cfht_u,double precision,source_native
master_catalog,/mnt/nvme01/cosmos-web-dr1-catalog/COSMOSWeb_mastercatalog_v1.1_bulgedisk.fits,HDU 1 [B+D],mag_model_bd_total_hsc-g,D,1,bulge_disk,mag_model_bd_total_hsc_g,double precision,source_native
master_catalog,/mnt/nvme01/cosmos-web-dr1-catalog/COSMOSWeb_mastercatalog_v1.1_bulgedisk.fits,HDU 1 [B+D],mag_model_bd_total_hsc-r,D,1,bulge_disk,mag_model_bd_total_hsc_r,double precision,source_native
master_catalog,/mnt/nvme01/cosmos-web-dr1-catalog/COSMOSWeb_mastercatalog_v1.1_bulgedisk.fits,HDU 1 [B+D],mag_model_bd_total_hsc-i,D,1,bulge_disk,mag_model_bd_total_hsc_i,double precision,source_native
master_catalog,/mnt/nvme01/cosmos-web-dr1-catalog/COSMOSWeb_mastercatalog_v1.1_bulgedisk.fits,HDU 1 [B+D],mag_model_bd_total_hsc-z,D,1,bulge_disk,mag_model_bd_total_hsc_z,double precision,source_native
master_catalog,/mnt/nvme01/cosmos-web-dr1-catalog/COSMOSWeb_mastercatalog_v1.1_bulgedisk.fits,HDU 1 [B+D],mag_model_bd_total_hsc-y,D,1,bulge_disk,mag_model_bd_total_hsc_y,double precision,source_native
master_catalog,/mnt/nvme01/cosmos-web-dr1-catalog/COSMOSWeb_mastercatalog_v1.1_bulgedisk.fits,HDU 1 [B+D],mag_model_bd_total_hsc-nb0816,D,1,bulge_disk,mag_model_bd_total_hsc_nb0816,double precision,source_native
master_catalog,/mnt/nvme01/cosmos-web-dr1-catalog/COSMOSWeb_mastercatalog_v1.1_bulgedisk.fits,HDU 1 [B+D],mag_model_bd_total_hsc-nb0921,D,1,bulge_disk,mag_model_bd_total_hsc_nb0921,double precision,source_native
master_catalog,/mnt/nvme01/cosmos-web-dr1-catalog/COSMOSWeb_mastercatalog_v1.1_bulgedisk.fits,HDU 1 [B+D],mag_model_bd_total_hsc-nb1010,D,1,bulge_disk,mag_model_bd_total_hsc_nb1010,double precision,source_native
master_catalog,/mnt/nvme01/cosmos-web-dr1-catalog/COSMOSWeb_mastercatalog_v1.1_bulgedisk.fits,HDU 1 [B+D],mag_model_bd_total_uvista-y,D,1,bulge_disk,mag_model_bd_total_uvista_y,double precision,source_native
master_catalog,/mnt/nvme01/cosmos-web-dr1-catalog/COSMOSWeb_mastercatalog_v1.1_bulgedisk.fits,HDU 1 [B+D],mag_model_bd_total_uvista-j,D,1,bulge_disk,mag_model_bd_total_uvista_j,double precision,source_native
master_catalog,/mnt/nvme01/cosmos-web-dr1-catalog/COSMOSWeb_mastercatalog_v1.1_bulgedisk.fits,HDU 1 [B+D],mag_model_bd_total_uvista-h,D,1,bulge_disk,mag_model_bd_total_uvista_h,double precision,source_native
master_catalog,/mnt/nvme01/cosmos-web-dr1-catalog/COSMOSWeb_mastercatalog_v1.1_bulgedisk.fits,HDU 1 [B+D],mag_model_bd_total_uvista-ks,D,1,bulge_disk,mag_model_bd_total_uvista_ks,double precision,source_native
master_catalog,/mnt/nvme01/cosmos-web-dr1-catalog/COSMOSWeb_mastercatalog_v1.1_bulgedisk.fits,HDU 1 [B+D],mag_model_bd_total_sc-ia484,D,1,bulge_disk,mag_model_bd_total_sc_ia484,double precision,source_native
master_catalog,/mnt/nvme01/cosmos-web-dr1-catalog/COSMOSWeb_mastercatalog_v1.1_bulgedisk.fits,HDU 1 [B+D],mag_model_bd_total_sc-ia527,D,1,bulge_disk,mag_model_bd_total_sc_ia527,double precision,source_native
master_catalog,/mnt/nvme01/cosmos-web-dr1-catalog/COSMOSWeb_mastercatalog_v1.1_bulgedisk.fits,HDU 1 [B+D],mag_model_bd_total_sc-ia624,D,1,bulge_disk,mag_model_bd_total_sc_ia624,double precision,source_native
master_catalog,/mnt/nvme01/cosmos-web-dr1-catalog/COSMOSWeb_mastercatalog_v1.1_bulgedisk.fits,HDU 1 [B+D],mag_model_bd_total_sc-ia679,D,1,bulge_disk,mag_model_bd_total_sc_ia679,double precision,source_native
master_catalog,/mnt/nvme01/cosmos-web-dr1-catalog/COSMOSWeb_mastercatalog_v1.1_bulgedisk.fits,HDU 1 [B+D],mag_model_bd_total_sc-ia738,D,1,bulge_disk,mag_model_bd_total_sc_ia738,double precision,source_native
master_catalog,/mnt/nvme01/cosmos-web-dr1-catalog/COSMOSWeb_mastercatalog_v1.1_bulgedisk.fits,HDU 1 [B+D],mag_model_bd_total_sc-ia767,D,1,bulge_disk,mag_model_bd_total_sc_ia767,double precision,source_native
master_catalog,/mnt/nvme01/cosmos-web-dr1-catalog/COSMOSWeb_mastercatalog_v1.1_bulgedisk.fits,HDU 1 [B+D],mag_model_bd_total_sc-ib427,D,1,bulge_disk,mag_model_bd_total_sc_ib427,double precision,source_native
master_catalog,/mnt/nvme01/cosmos-web-dr1-catalog/COSMOSWeb_mastercatalog_v1.1_bulgedisk.fits,HDU 1 [B+D],mag_model_bd_total_sc-ib505,D,1,bulge_disk,mag_model_bd_total_sc_ib505,double precision,source_native
master_catalog,/mnt/nvme01/cosmos-web-dr1-catalog/COSMOSWeb_mastercatalog_v1.1_bulgedisk.fits,HDU 1 [B+D],mag_model_bd_total_sc-ib574,D,1,bulge_disk,mag_model_bd_total_sc_ib574,double precision,source_native
master_catalog,/mnt/nvme01/cosmos-web-dr1-catalog/COSMOSWeb_mastercatalog_v1.1_bulgedisk.fits,HDU 1 [B+D],mag_model_bd_total_sc-ib709,D,1,bulge_disk,mag_model_bd_total_sc_ib709,double precision,source_native
master_catalog,/mnt/nvme01/cosmos-web-dr1-catalog/COSMOSWeb_mastercatalog_v1.1_bulgedisk.fits,HDU 1 [B+D],mag_model_bd_total_sc-ib827,D,1,bulge_disk,mag_model_bd_total_sc_ib827,double precision,source_native
master_catalog,/mnt/nvme01/cosmos-web-dr1-catalog/COSMOSWeb_mastercatalog_v1.1_bulgedisk.fits,HDU 1 [B+D],mag_model_bd_total_sc-nb711,D,1,bulge_disk,mag_model_bd_total_sc_nb711,double precision,source_native
master_catalog,/mnt/nvme01/cosmos-web-dr1-catalog/COSMOSWeb_mastercatalog_v1.1_bulgedisk.fits,HDU 1 [B+D],mag_model_bd_total_sc-nb816,D,1,bulge_disk,mag_model_bd_total_sc_nb816,double precision,source_native
master_catalog,/mnt/nvme01/cosmos-web-dr1-catalog/COSMOSWeb_mastercatalog_v1.1_bulgedisk.fits,HDU 1 [B+D],mag_err_model_bd_total_hst-f814w,D,1,bulge_disk,mag_err_model_bd_total_hst_f814w,double precision,source_native
master_catalog,/mnt/nvme01/cosmos-web-dr1-catalog/COSMOSWeb_mastercatalog_v1.1_bulgedisk.fits,HDU 1 [B+D],mag_err_model_bd_total_f770w,D,1,bulge_disk,mag_err_model_bd_total_f770w,double precision,source_native
master_catalog,/mnt/nvme01/cosmos-web-dr1-catalog/COSMOSWeb_mastercatalog_v1.1_bulgedisk.fits,HDU 1 [B+D],mag_err_model_bd_total_cfht-u,D,1,bulge_disk,mag_err_model_bd_total_cfht_u,double precision,source_native
master_catalog,/mnt/nvme01/cosmos-web-dr1-catalog/COSMOSWeb_mastercatalog_v1.1_bulgedisk.fits,HDU 1 [B+D],mag_err_model_bd_total_hsc-g,D,1,bulge_disk,mag_err_model_bd_total_hsc_g,double precision,source_native
master_catalog,/mnt/nvme01/cosmos-web-dr1-catalog/COSMOSWeb_mastercatalog_v1.1_bulgedisk.fits,HDU 1 [B+D],mag_err_model_bd_total_hsc-r,D,1,bulge_disk,mag_err_model_bd_total_hsc_r,double precision,source_native
master_catalog,/mnt/nvme01/cosmos-web-dr1-catalog/COSMOSWeb_mastercatalog_v1.1_bulgedisk.fits,HDU 1 [B+D],mag_err_model_bd_total_hsc-i,D,1,bulge_disk,mag_err_model_bd_total_hsc_i,double precision,source_native
master_catalog,/mnt/nvme01/cosmos-web-dr1-catalog/COSMOSWeb_mastercatalog_v1.1_bulgedisk.fits,HDU 1 [B+D],mag_err_model_bd_total_hsc-z,D,1,bulge_disk,mag_err_model_bd_total_hsc_z,double precision,source_native
master_catalog,/mnt/nvme01/cosmos-web-dr1-catalog/COSMOSWeb_mastercatalog_v1.1_bulgedisk.fits,HDU 1 [B+D],mag_err_model_bd_total_hsc-y,D,1,bulge_disk,mag_err_model_bd_total_hsc_y,double precision,source_native
master_catalog,/mnt/nvme01/cosmos-web-dr1-catalog/COSMOSWeb_mastercatalog_v1.1_bulgedisk.fits,HDU 1 [B+D],mag_err_model_bd_total_hsc-nb0816,D,1,bulge_disk,mag_err_model_bd_total_hsc_nb0816,double precision,source_native
master_catalog,/mnt/nvme01/cosmos-web-dr1-catalog/COSMOSWeb_mastercatalog_v1.1_bulgedisk.fits,HDU 1 [B+D],mag_err_model_bd_total_hsc-nb0921,D,1,bulge_disk,mag_err_model_bd_total_hsc_nb0921,double precision,source_native
master_catalog,/mnt/nvme01/cosmos-web-dr1-catalog/COSMOSWeb_mastercatalog_v1.1_bulgedisk.fits,HDU 1 [B+D],mag_err_model_bd_total_hsc-nb1010,D,1,bulge_disk,mag_err_model_bd_total_hsc_nb1010,double precision,source_native
master_catalog,/mnt/nvme01/cosmos-web-dr1-catalog/COSMOSWeb_mastercatalog_v1.1_bulgedisk.fits,HDU 1 [B+D],mag_err_model_bd_total_uvista-y,D,1,bulge_disk,mag_err_model_bd_total_uvista_y,double precision,source_native
master_catalog,/mnt/nvme01/cosmos-web-dr1-catalog/COSMOSWeb_mastercatalog_v1.1_bulgedisk.fits,HDU 1 [B+D],mag_err_model_bd_total_uvista-j,D,1,bulge_disk,mag_err_model_bd_total_uvista_j,double precision,source_native
master_catalog,/mnt/nvme01/cosmos-web-dr1-catalog/COSMOSWeb_mastercatalog_v1.1_bulgedisk.fits,HDU 1 [B+D],mag_err_model_bd_total_uvista-h,D,1,bulge_disk,mag_err_model_bd_total_uvista_h,double precision,source_native
master_catalog,/mnt/nvme01/cosmos-web-dr1-catalog/COSMOSWeb_mastercatalog_v1.1_bulgedisk.fits,HDU 1 [B+D],mag_err_model_bd_total_uvista-ks,D,1,bulge_disk,mag_err_model_bd_total_uvista_ks,double precision,source_native
master_catalog,/mnt/nvme01/cosmos-web-dr1-catalog/COSMOSWeb_mastercatalog_v1.1_bulgedisk.fits,HDU 1 [B+D],mag_err_model_bd_total_sc-ia484,D,1,bulge_disk,mag_err_model_bd_total_sc_ia484,double precision,source_native
master_catalog,/mnt/nvme01/cosmos-web-dr1-catalog/COSMOSWeb_mastercatalog_v1.1_bulgedisk.fits,HDU 1 [B+D],mag_err_model_bd_total_sc-ia527,D,1,bulge_disk,mag_err_model_bd_total_sc_ia527,double precision,source_native
master_catalog,/mnt/nvme01/cosmos-web-dr1-catalog/COSMOSWeb_mastercatalog_v1.1_bulgedisk.fits,HDU 1 [B+D],mag_err_model_bd_total_sc-ia624,D,1,bulge_disk,mag_err_model_bd_total_sc_ia624,double precision,source_native
master_catalog,/mnt/nvme01/cosmos-web-dr1-catalog/COSMOSWeb_mastercatalog_v1.1_bulgedisk.fits,HDU 1 [B+D],mag_err_model_bd_total_sc-ia679,D,1,bulge_disk,mag_err_model_bd_total_sc_ia679,double precision,source_native
master_catalog,/mnt/nvme01/cosmos-web-dr1-catalog/COSMOSWeb_mastercatalog_v1.1_bulgedisk.fits,HDU 1 [B+D],mag_err_model_bd_total_sc-ia738,D,1,bulge_disk,mag_err_model_bd_total_sc_ia738,double precision,source_native
master_catalog,/mnt/nvme01/cosmos-web-dr1-catalog/COSMOSWeb_mastercatalog_v1.1_bulgedisk.fits,HDU 1 [B+D],mag_err_model_bd_total_sc-ia767,D,1,bulge_disk,mag_err_model_bd_total_sc_ia767,double precision,source_native
master_catalog,/mnt/nvme01/cosmos-web-dr1-catalog/COSMOSWeb_mastercatalog_v1.1_bulgedisk.fits,HDU 1 [B+D],mag_err_model_bd_total_sc-ib427,D,1,bulge_disk,mag_err_model_bd_total_sc_ib427,double precision,source_native
master_catalog,/mnt/nvme01/cosmos-web-dr1-catalog/COSMOSWeb_mastercatalog_v1.1_bulgedisk.fits,HDU 1 [B+D],mag_err_model_bd_total_sc-ib505,D,1,bulge_disk,mag_err_model_bd_total_sc_ib505,double precision,source_native
master_catalog,/mnt/nvme01/cosmos-web-dr1-catalog/COSMOSWeb_mastercatalog_v1.1_bulgedisk.fits,HDU 1 [B+D],mag_err_model_bd_total_sc-ib574,D,1,bulge_disk,mag_err_model_bd_total_sc_ib574,double precision,source_native
master_catalog,/mnt/nvme01/cosmos-web-dr1-catalog/COSMOSWeb_mastercatalog_v1.1_bulgedisk.fits,HDU 1 [B+D],mag_err_model_bd_total_sc-ib709,D,1,bulge_disk,mag_err_model_bd_total_sc_ib709,double precision,source_native
master_catalog,/mnt/nvme01/cosmos-web-dr1-catalog/COSMOSWeb_mastercatalog_v1.1_bulgedisk.fits,HDU 1 [B+D],mag_err_model_bd_total_sc-ib827,D,1,bulge_disk,mag_err_model_bd_total_sc_ib827,double precision,source_native
master_catalog,/mnt/nvme01/cosmos-web-dr1-catalog/COSMOSWeb_mastercatalog_v1.1_bulgedisk.fits,HDU 1 [B+D],mag_err_model_bd_total_sc-nb711,D,1,bulge_disk,mag_err_model_bd_total_sc_nb711,double precision,source_native
master_catalog,/mnt/nvme01/cosmos-web-dr1-catalog/COSMOSWeb_mastercatalog_v1.1_bulgedisk.fits,HDU 1 [B+D],mag_err_model_bd_total_sc-nb816,D,1,bulge_disk,mag_err_model_bd_total_sc_nb816,double precision,source_native
master_catalog,/mnt/nvme01/cosmos-web-dr1-catalog/COSMOSWeb_mastercatalog_v1.1_bulgedisk.fits,HDU 1 [B+D],mag_model_bulge_hst-f814w,D,1,bulge_disk,mag_model_bulge_hst_f814w,double precision,source_native
master_catalog,/mnt/nvme01/cosmos-web-dr1-catalog/COSMOSWeb_mastercatalog_v1.1_bulgedisk.fits,HDU 1 [B+D],mag_model_bulge_f770w,D,1,bulge_disk,mag_model_bulge_f770w,double precision,source_native
master_catalog,/mnt/nvme01/cosmos-web-dr1-catalog/COSMOSWeb_mastercatalog_v1.1_bulgedisk.fits,HDU 1 [B+D],mag_model_bulge_cfht-u,D,1,bulge_disk,mag_model_bulge_cfht_u,double precision,source_native
master_catalog,/mnt/nvme01/cosmos-web-dr1-catalog/COSMOSWeb_mastercatalog_v1.1_bulgedisk.fits,HDU 1 [B+D],mag_model_bulge_hsc-g,D,1,bulge_disk,mag_model_bulge_hsc_g,double precision,source_native
master_catalog,/mnt/nvme01/cosmos-web-dr1-catalog/COSMOSWeb_mastercatalog_v1.1_bulgedisk.fits,HDU 1 [B+D],mag_model_bulge_hsc-r,D,1,bulge_disk,mag_model_bulge_hsc_r,double precision,source_native
master_catalog,/mnt/nvme01/cosmos-web-dr1-catalog/COSMOSWeb_mastercatalog_v1.1_bulgedisk.fits,HDU 1 [B+D],mag_model_bulge_hsc-i,D,1,bulge_disk,mag_model_bulge_hsc_i,double precision,source_native
master_catalog,/mnt/nvme01/cosmos-web-dr1-catalog/COSMOSWeb_mastercatalog_v1.1_bulgedisk.fits,HDU 1 [B+D],mag_model_bulge_hsc-z,D,1,bulge_disk,mag_model_bulge_hsc_z,double precision,source_native
master_catalog,/mnt/nvme01/cosmos-web-dr1-catalog/COSMOSWeb_mastercatalog_v1.1_bulgedisk.fits,HDU 1 [B+D],mag_model_bulge_hsc-y,D,1,bulge_disk,mag_model_bulge_hsc_y,double precision,source_native
master_catalog,/mnt/nvme01/cosmos-web-dr1-catalog/COSMOSWeb_mastercatalog_v1.1_bulgedisk.fits,HDU 1 [B+D],mag_model_bulge_hsc-nb0816,D,1,bulge_disk,mag_model_bulge_hsc_nb0816,double precision,source_native
master_catalog,/mnt/nvme01/cosmos-web-dr1-catalog/COSMOSWeb_mastercatalog_v1.1_bulgedisk.fits,HDU 1 [B+D],mag_model_bulge_hsc-nb0921,D,1,bulge_disk,mag_model_bulge_hsc_nb0921,double precision,source_native
master_catalog,/mnt/nvme01/cosmos-web-dr1-catalog/COSMOSWeb_mastercatalog_v1.1_bulgedisk.fits,HDU 1 [B+D],mag_model_bulge_hsc-nb1010,D,1,bulge_disk,mag_model_bulge_hsc_nb1010,double precision,source_native
master_catalog,/mnt/nvme01/cosmos-web-dr1-catalog/COSMOSWeb_mastercatalog_v1.1_bulgedisk.fits,HDU 1 [B+D],mag_model_bulge_uvista-y,D,1,bulge_disk,mag_model_bulge_uvista_y,double precision,source_native
master_catalog,/mnt/nvme01/cosmos-web-dr1-catalog/COSMOSWeb_mastercatalog_v1.1_bulgedisk.fits,HDU 1 [B+D],mag_model_bulge_uvista-j,D,1,bulge_disk,mag_model_bulge_uvista_j,double precision,source_native
master_catalog,/mnt/nvme01/cosmos-web-dr1-catalog/COSMOSWeb_mastercatalog_v1.1_bulgedisk.fits,HDU 1 [B+D],mag_model_bulge_uvista-h,D,1,bulge_disk,mag_model_bulge_uvista_h,double precision,source_native
master_catalog,/mnt/nvme01/cosmos-web-dr1-catalog/COSMOSWeb_mastercatalog_v1.1_bulgedisk.fits,HDU 1 [B+D],mag_model_bulge_uvista-ks,D,1,bulge_disk,mag_model_bulge_uvista_ks,double precision,source_native
master_catalog,/mnt/nvme01/cosmos-web-dr1-catalog/COSMOSWeb_mastercatalog_v1.1_bulgedisk.fits,HDU 1 [B+D],mag_model_bulge_sc-ia484,D,1,bulge_disk,mag_model_bulge_sc_ia484,double precision,source_native
master_catalog,/mnt/nvme01/cosmos-web-dr1-catalog/COSMOSWeb_mastercatalog_v1.1_bulgedisk.fits,HDU 1 [B+D],mag_model_bulge_sc-ia527,D,1,bulge_disk,mag_model_bulge_sc_ia527,double precision,source_native
master_catalog,/mnt/nvme01/cosmos-web-dr1-catalog/COSMOSWeb_mastercatalog_v1.1_bulgedisk.fits,HDU 1 [B+D],mag_model_bulge_sc-ia624,D,1,bulge_disk,mag_model_bulge_sc_ia624,double precision,source_native
master_catalog,/mnt/nvme01/cosmos-web-dr1-catalog/COSMOSWeb_mastercatalog_v1.1_bulgedisk.fits,HDU 1 [B+D],mag_model_bulge_sc-ia679,D,1,bulge_disk,mag_model_bulge_sc_ia679,double precision,source_native
master_catalog,/mnt/nvme01/cosmos-web-dr1-catalog/COSMOSWeb_mastercatalog_v1.1_bulgedisk.fits,HDU 1 [B+D],mag_model_bulge_sc-ia738,D,1,bulge_disk,mag_model_bulge_sc_ia738,double precision,source_native
master_catalog,/mnt/nvme01/cosmos-web-dr1-catalog/COSMOSWeb_mastercatalog_v1.1_bulgedisk.fits,HDU 1 [B+D],mag_model_bulge_sc-ia767,D,1,bulge_disk,mag_model_bulge_sc_ia767,double precision,source_native
master_catalog,/mnt/nvme01/cosmos-web-dr1-catalog/COSMOSWeb_mastercatalog_v1.1_bulgedisk.fits,HDU 1 [B+D],mag_model_bulge_sc-ib427,D,1,bulge_disk,mag_model_bulge_sc_ib427,double precision,source_native
master_catalog,/mnt/nvme01/cosmos-web-dr1-catalog/COSMOSWeb_mastercatalog_v1.1_bulgedisk.fits,HDU 1 [B+D],mag_model_bulge_sc-ib505,D,1,bulge_disk,mag_model_bulge_sc_ib505,double precision,source_native
master_catalog,/mnt/nvme01/cosmos-web-dr1-catalog/COSMOSWeb_mastercatalog_v1.1_bulgedisk.fits,HDU 1 [B+D],mag_model_bulge_sc-ib574,D,1,bulge_disk,mag_model_bulge_sc_ib574,double precision,source_native
master_catalog,/mnt/nvme01/cosmos-web-dr1-catalog/COSMOSWeb_mastercatalog_v1.1_bulgedisk.fits,HDU 1 [B+D],mag_model_bulge_sc-ib709,D,1,bulge_disk,mag_model_bulge_sc_ib709,double precision,source_native
master_catalog,/mnt/nvme01/cosmos-web-dr1-catalog/COSMOSWeb_mastercatalog_v1.1_bulgedisk.fits,HDU 1 [B+D],mag_model_bulge_sc-ib827,D,1,bulge_disk,mag_model_bulge_sc_ib827,double precision,source_native
master_catalog,/mnt/nvme01/cosmos-web-dr1-catalog/COSMOSWeb_mastercatalog_v1.1_bulgedisk.fits,HDU 1 [B+D],mag_model_bulge_sc-nb711,D,1,bulge_disk,mag_model_bulge_sc_nb711,double precision,source_native
master_catalog,/mnt/nvme01/cosmos-web-dr1-catalog/COSMOSWeb_mastercatalog_v1.1_bulgedisk.fits,HDU 1 [B+D],mag_model_bulge_sc-nb816,D,1,bulge_disk,mag_model_bulge_sc_nb816,double precision,source_native
master_catalog,/mnt/nvme01/cosmos-web-dr1-catalog/COSMOSWeb_mastercatalog_v1.1_bulgedisk.fits,HDU 1 [B+D],mag_err_model_bulge_hst-f814w,D,1,bulge_disk,mag_err_model_bulge_hst_f814w,double precision,source_native
master_catalog,/mnt/nvme01/cosmos-web-dr1-catalog/COSMOSWeb_mastercatalog_v1.1_bulgedisk.fits,HDU 1 [B+D],mag_err_model_bulge_f770w,D,1,bulge_disk,mag_err_model_bulge_f770w,double precision,source_native
master_catalog,/mnt/nvme01/cosmos-web-dr1-catalog/COSMOSWeb_mastercatalog_v1.1_bulgedisk.fits,HDU 1 [B+D],mag_err_model_bulge_cfht-u,D,1,bulge_disk,mag_err_model_bulge_cfht_u,double precision,source_native
master_catalog,/mnt/nvme01/cosmos-web-dr1-catalog/COSMOSWeb_mastercatalog_v1.1_bulgedisk.fits,HDU 1 [B+D],mag_err_model_bulge_hsc-g,D,1,bulge_disk,mag_err_model_bulge_hsc_g,double precision,source_native
master_catalog,/mnt/nvme01/cosmos-web-dr1-catalog/COSMOSWeb_mastercatalog_v1.1_bulgedisk.fits,HDU 1 [B+D],mag_err_model_bulge_hsc-r,D,1,bulge_disk,mag_err_model_bulge_hsc_r,double precision,source_native
master_catalog,/mnt/nvme01/cosmos-web-dr1-catalog/COSMOSWeb_mastercatalog_v1.1_bulgedisk.fits,HDU 1 [B+D],mag_err_model_bulge_hsc-i,D,1,bulge_disk,mag_err_model_bulge_hsc_i,double precision,source_native
master_catalog,/mnt/nvme01/cosmos-web-dr1-catalog/COSMOSWeb_mastercatalog_v1.1_bulgedisk.fits,HDU 1 [B+D],mag_err_model_bulge_hsc-z,D,1,bulge_disk,mag_err_model_bulge_hsc_z,double precision,source_native
master_catalog,/mnt/nvme01/cosmos-web-dr1-catalog/COSMOSWeb_mastercatalog_v1.1_bulgedisk.fits,HDU 1 [B+D],mag_err_model_bulge_hsc-y,D,1,bulge_disk,mag_err_model_bulge_hsc_y,double precision,source_native
master_catalog,/mnt/nvme01/cosmos-web-dr1-catalog/COSMOSWeb_mastercatalog_v1.1_bulgedisk.fits,HDU 1 [B+D],mag_err_model_bulge_hsc-nb0816,D,1,bulge_disk,mag_err_model_bulge_hsc_nb0816,double precision,source_native
master_catalog,/mnt/nvme01/cosmos-web-dr1-catalog/COSMOSWeb_mastercatalog_v1.1_bulgedisk.fits,HDU 1 [B+D],mag_err_model_bulge_hsc-nb0921,D,1,bulge_disk,mag_err_model_bulge_hsc_nb0921,double precision,source_native
master_catalog,/mnt/nvme01/cosmos-web-dr1-catalog/COSMOSWeb_mastercatalog_v1.1_bulgedisk.fits,HDU 1 [B+D],mag_err_model_bulge_hsc-nb1010,D,1,bulge_disk,mag_err_model_bulge_hsc_nb1010,double precision,source_native
master_catalog,/mnt/nvme01/cosmos-web-dr1-catalog/COSMOSWeb_mastercatalog_v1.1_bulgedisk.fits,HDU 1 [B+D],mag_err_model_bulge_uvista-y,D,1,bulge_disk,mag_err_model_bulge_uvista_y,double precision,source_native
master_catalog,/mnt/nvme01/cosmos-web-dr1-catalog/COSMOSWeb_mastercatalog_v1.1_bulgedisk.fits,HDU 1 [B+D],mag_err_model_bulge_uvista-j,D,1,bulge_disk,mag_err_model_bulge_uvista_j,double precision,source_native
master_catalog,/mnt/nvme01/cosmos-web-dr1-catalog/COSMOSWeb_mastercatalog_v1.1_bulgedisk.fits,HDU 1 [B+D],mag_err_model_bulge_uvista-h,D,1,bulge_disk,mag_err_model_bulge_uvista_h,double precision,source_native
master_catalog,/mnt/nvme01/cosmos-web-dr1-catalog/COSMOSWeb_mastercatalog_v1.1_bulgedisk.fits,HDU 1 [B+D],mag_err_model_bulge_uvista-ks,D,1,bulge_disk,mag_err_model_bulge_uvista_ks,double precision,source_native
master_catalog,/mnt/nvme01/cosmos-web-dr1-catalog/COSMOSWeb_mastercatalog_v1.1_bulgedisk.fits,HDU 1 [B+D],mag_err_model_bulge_sc-ia484,D,1,bulge_disk,mag_err_model_bulge_sc_ia484,double precision,source_native
master_catalog,/mnt/nvme01/cosmos-web-dr1-catalog/COSMOSWeb_mastercatalog_v1.1_bulgedisk.fits,HDU 1 [B+D],mag_err_model_bulge_sc-ia527,D,1,bulge_disk,mag_err_model_bulge_sc_ia527,double precision,source_native
master_catalog,/mnt/nvme01/cosmos-web-dr1-catalog/COSMOSWeb_mastercatalog_v1.1_bulgedisk.fits,HDU 1 [B+D],mag_err_model_bulge_sc-ia624,D,1,bulge_disk,mag_err_model_bulge_sc_ia624,double precision,source_native
master_catalog,/mnt/nvme01/cosmos-web-dr1-catalog/COSMOSWeb_mastercatalog_v1.1_bulgedisk.fits,HDU 1 [B+D],mag_err_model_bulge_sc-ia679,D,1,bulge_disk,mag_err_model_bulge_sc_ia679,double precision,source_native
master_catalog,/mnt/nvme01/cosmos-web-dr1-catalog/COSMOSWeb_mastercatalog_v1.1_bulgedisk.fits,HDU 1 [B+D],mag_err_model_bulge_sc-ia738,D,1,bulge_disk,mag_err_model_bulge_sc_ia738,double precision,source_native
master_catalog,/mnt/nvme01/cosmos-web-dr1-catalog/COSMOSWeb_mastercatalog_v1.1_bulgedisk.fits,HDU 1 [B+D],mag_err_model_bulge_sc-ia767,D,1,bulge_disk,mag_err_model_bulge_sc_ia767,double precision,source_native
master_catalog,/mnt/nvme01/cosmos-web-dr1-catalog/COSMOSWeb_mastercatalog_v1.1_bulgedisk.fits,HDU 1 [B+D],mag_err_model_bulge_sc-ib427,D,1,bulge_disk,mag_err_model_bulge_sc_ib427,double precision,source_native
master_catalog,/mnt/nvme01/cosmos-web-dr1-catalog/COSMOSWeb_mastercatalog_v1.1_bulgedisk.fits,HDU 1 [B+D],mag_err_model_bulge_sc-ib505,D,1,bulge_disk,mag_err_model_bulge_sc_ib505,double precision,source_native
master_catalog,/mnt/nvme01/cosmos-web-dr1-catalog/COSMOSWeb_mastercatalog_v1.1_bulgedisk.fits,HDU 1 [B+D],mag_err_model_bulge_sc-ib574,D,1,bulge_disk,mag_err_model_bulge_sc_ib574,double precision,source_native
master_catalog,/mnt/nvme01/cosmos-web-dr1-catalog/COSMOSWeb_mastercatalog_v1.1_bulgedisk.fits,HDU 1 [B+D],mag_err_model_bulge_sc-ib709,D,1,bulge_disk,mag_err_model_bulge_sc_ib709,double precision,source_native
master_catalog,/mnt/nvme01/cosmos-web-dr1-catalog/COSMOSWeb_mastercatalog_v1.1_bulgedisk.fits,HDU 1 [B+D],mag_err_model_bulge_sc-ib827,D,1,bulge_disk,mag_err_model_bulge_sc_ib827,double precision,source_native
master_catalog,/mnt/nvme01/cosmos-web-dr1-catalog/COSMOSWeb_mastercatalog_v1.1_bulgedisk.fits,HDU 1 [B+D],mag_err_model_bulge_sc-nb711,D,1,bulge_disk,mag_err_model_bulge_sc_nb711,double precision,source_native
master_catalog,/mnt/nvme01/cosmos-web-dr1-catalog/COSMOSWeb_mastercatalog_v1.1_bulgedisk.fits,HDU 1 [B+D],mag_err_model_bulge_sc-nb816,D,1,bulge_disk,mag_err_model_bulge_sc_nb816,double precision,source_native
master_catalog,/mnt/nvme01/cosmos-web-dr1-catalog/COSMOSWeb_mastercatalog_v1.1_bulgedisk.fits,HDU 1 [B+D],mag_model_disk_hst-f814w,D,1,bulge_disk,mag_model_disk_hst_f814w,double precision,source_native
master_catalog,/mnt/nvme01/cosmos-web-dr1-catalog/COSMOSWeb_mastercatalog_v1.1_bulgedisk.fits,HDU 1 [B+D],mag_model_disk_f770w,D,1,bulge_disk,mag_model_disk_f770w,double precision,source_native
master_catalog,/mnt/nvme01/cosmos-web-dr1-catalog/COSMOSWeb_mastercatalog_v1.1_bulgedisk.fits,HDU 1 [B+D],mag_model_disk_cfht-u,D,1,bulge_disk,mag_model_disk_cfht_u,double precision,source_native
master_catalog,/mnt/nvme01/cosmos-web-dr1-catalog/COSMOSWeb_mastercatalog_v1.1_bulgedisk.fits,HDU 1 [B+D],mag_model_disk_hsc-g,D,1,bulge_disk,mag_model_disk_hsc_g,double precision,source_native
master_catalog,/mnt/nvme01/cosmos-web-dr1-catalog/COSMOSWeb_mastercatalog_v1.1_bulgedisk.fits,HDU 1 [B+D],mag_model_disk_hsc-r,D,1,bulge_disk,mag_model_disk_hsc_r,double precision,source_native
master_catalog,/mnt/nvme01/cosmos-web-dr1-catalog/COSMOSWeb_mastercatalog_v1.1_bulgedisk.fits,HDU 1 [B+D],mag_model_disk_hsc-i,D,1,bulge_disk,mag_model_disk_hsc_i,double precision,source_native
master_catalog,/mnt/nvme01/cosmos-web-dr1-catalog/COSMOSWeb_mastercatalog_v1.1_bulgedisk.fits,HDU 1 [B+D],mag_model_disk_hsc-z,D,1,bulge_disk,mag_model_disk_hsc_z,double precision,source_native
master_catalog,/mnt/nvme01/cosmos-web-dr1-catalog/COSMOSWeb_mastercatalog_v1.1_bulgedisk.fits,HDU 1 [B+D],mag_model_disk_hsc-y,D,1,bulge_disk,mag_model_disk_hsc_y,double precision,source_native
master_catalog,/mnt/nvme01/cosmos-web-dr1-catalog/COSMOSWeb_mastercatalog_v1.1_bulgedisk.fits,HDU 1 [B+D],mag_model_disk_hsc-nb0816,D,1,bulge_disk,mag_model_disk_hsc_nb0816,double precision,source_native
master_catalog,/mnt/nvme01/cosmos-web-dr1-catalog/COSMOSWeb_mastercatalog_v1.1_bulgedisk.fits,HDU 1 [B+D],mag_model_disk_hsc-nb0921,D,1,bulge_disk,mag_model_disk_hsc_nb0921,double precision,source_native
master_catalog,/mnt/nvme01/cosmos-web-dr1-catalog/COSMOSWeb_mastercatalog_v1.1_bulgedisk.fits,HDU 1 [B+D],mag_model_disk_hsc-nb1010,D,1,bulge_disk,mag_model_disk_hsc_nb1010,double precision,source_native
master_catalog,/mnt/nvme01/cosmos-web-dr1-catalog/COSMOSWeb_mastercatalog_v1.1_bulgedisk.fits,HDU 1 [B+D],mag_model_disk_uvista-y,D,1,bulge_disk,mag_model_disk_uvista_y,double precision,source_native
master_catalog,/mnt/nvme01/cosmos-web-dr1-catalog/COSMOSWeb_mastercatalog_v1.1_bulgedisk.fits,HDU 1 [B+D],mag_model_disk_uvista-j,D,1,bulge_disk,mag_model_disk_uvista_j,double precision,source_native
master_catalog,/mnt/nvme01/cosmos-web-dr1-catalog/COSMOSWeb_mastercatalog_v1.1_bulgedisk.fits,HDU 1 [B+D],mag_model_disk_uvista-h,D,1,bulge_disk,mag_model_disk_uvista_h,double precision,source_native
master_catalog,/mnt/nvme01/cosmos-web-dr1-catalog/COSMOSWeb_mastercatalog_v1.1_bulgedisk.fits,HDU 1 [B+D],mag_model_disk_uvista-ks,D,1,bulge_disk,mag_model_disk_uvista_ks,double precision,source_native
master_catalog,/mnt/nvme01/cosmos-web-dr1-catalog/COSMOSWeb_mastercatalog_v1.1_bulgedisk.fits,HDU 1 [B+D],mag_model_disk_sc-ia484,D,1,bulge_disk,mag_model_disk_sc_ia484,double precision,source_native
master_catalog,/mnt/nvme01/cosmos-web-dr1-catalog/COSMOSWeb_mastercatalog_v1.1_bulgedisk.fits,HDU 1 [B+D],mag_model_disk_sc-ia527,D,1,bulge_disk,mag_model_disk_sc_ia527,double precision,source_native
master_catalog,/mnt/nvme01/cosmos-web-dr1-catalog/COSMOSWeb_mastercatalog_v1.1_bulgedisk.fits,HDU 1 [B+D],mag_model_disk_sc-ia624,D,1,bulge_disk,mag_model_disk_sc_ia624,double precision,source_native
master_catalog,/mnt/nvme01/cosmos-web-dr1-catalog/COSMOSWeb_mastercatalog_v1.1_bulgedisk.fits,HDU 1 [B+D],mag_model_disk_sc-ia679,D,1,bulge_disk,mag_model_disk_sc_ia679,double precision,source_native
master_catalog,/mnt/nvme01/cosmos-web-dr1-catalog/COSMOSWeb_mastercatalog_v1.1_bulgedisk.fits,HDU 1 [B+D],mag_model_disk_sc-ia738,D,1,bulge_disk,mag_model_disk_sc_ia738,double precision,source_native
master_catalog,/mnt/nvme01/cosmos-web-dr1-catalog/COSMOSWeb_mastercatalog_v1.1_bulgedisk.fits,HDU 1 [B+D],mag_model_disk_sc-ia767,D,1,bulge_disk,mag_model_disk_sc_ia767,double precision,source_native
master_catalog,/mnt/nvme01/cosmos-web-dr1-catalog/COSMOSWeb_mastercatalog_v1.1_bulgedisk.fits,HDU 1 [B+D],mag_model_disk_sc-ib427,D,1,bulge_disk,mag_model_disk_sc_ib427,double precision,source_native
master_catalog,/mnt/nvme01/cosmos-web-dr1-catalog/COSMOSWeb_mastercatalog_v1.1_bulgedisk.fits,HDU 1 [B+D],mag_model_disk_sc-ib505,D,1,bulge_disk,mag_model_disk_sc_ib505,double precision,source_native
master_catalog,/mnt/nvme01/cosmos-web-dr1-catalog/COSMOSWeb_mastercatalog_v1.1_bulgedisk.fits,HDU 1 [B+D],mag_model_disk_sc-ib574,D,1,bulge_disk,mag_model_disk_sc_ib574,double precision,source_native
master_catalog,/mnt/nvme01/cosmos-web-dr1-catalog/COSMOSWeb_mastercatalog_v1.1_bulgedisk.fits,HDU 1 [B+D],mag_model_disk_sc-ib709,D,1,bulge_disk,mag_model_disk_sc_ib709,double precision,source_native
master_catalog,/mnt/nvme01/cosmos-web-dr1-catalog/COSMOSWeb_mastercatalog_v1.1_bulgedisk.fits,HDU 1 [B+D],mag_model_disk_sc-ib827,D,1,bulge_disk,mag_model_disk_sc_ib827,double precision,source_native
master_catalog,/mnt/nvme01/cosmos-web-dr1-catalog/COSMOSWeb_mastercatalog_v1.1_bulgedisk.fits,HDU 1 [B+D],mag_model_disk_sc-nb711,D,1,bulge_disk,mag_model_disk_sc_nb711,double precision,source_native
master_catalog,/mnt/nvme01/cosmos-web-dr1-catalog/COSMOSWeb_mastercatalog_v1.1_bulgedisk.fits,HDU 1 [B+D],mag_model_disk_sc-nb816,D,1,bulge_disk,mag_model_disk_sc_nb816,double precision,source_native
master_catalog,/mnt/nvme01/cosmos-web-dr1-catalog/COSMOSWeb_mastercatalog_v1.1_bulgedisk.fits,HDU 1 [B+D],mag_err_model_disk_hst-f814w,D,1,bulge_disk,mag_err_model_disk_hst_f814w,double precision,source_native
master_catalog,/mnt/nvme01/cosmos-web-dr1-catalog/COSMOSWeb_mastercatalog_v1.1_bulgedisk.fits,HDU 1 [B+D],mag_err_model_disk_f770w,D,1,bulge_disk,mag_err_model_disk_f770w,double precision,source_native
master_catalog,/mnt/nvme01/cosmos-web-dr1-catalog/COSMOSWeb_mastercatalog_v1.1_bulgedisk.fits,HDU 1 [B+D],mag_err_model_disk_cfht-u,D,1,bulge_disk,mag_err_model_disk_cfht_u,double precision,source_native
master_catalog,/mnt/nvme01/cosmos-web-dr1-catalog/COSMOSWeb_mastercatalog_v1.1_bulgedisk.fits,HDU 1 [B+D],mag_err_model_disk_hsc-g,D,1,bulge_disk,mag_err_model_disk_hsc_g,double precision,source_native
master_catalog,/mnt/nvme01/cosmos-web-dr1-catalog/COSMOSWeb_mastercatalog_v1.1_bulgedisk.fits,HDU 1 [B+D],mag_err_model_disk_hsc-r,D,1,bulge_disk,mag_err_model_disk_hsc_r,double precision,source_native
master_catalog,/mnt/nvme01/cosmos-web-dr1-catalog/COSMOSWeb_mastercatalog_v1.1_bulgedisk.fits,HDU 1 [B+D],mag_err_model_disk_hsc-i,D,1,bulge_disk,mag_err_model_disk_hsc_i,double precision,source_native
master_catalog,/mnt/nvme01/cosmos-web-dr1-catalog/COSMOSWeb_mastercatalog_v1.1_bulgedisk.fits,HDU 1 [B+D],mag_err_model_disk_hsc-z,D,1,bulge_disk,mag_err_model_disk_hsc_z,double precision,source_native
master_catalog,/mnt/nvme01/cosmos-web-dr1-catalog/COSMOSWeb_mastercatalog_v1.1_bulgedisk.fits,HDU 1 [B+D],mag_err_model_disk_hsc-y,D,1,bulge_disk,mag_err_model_disk_hsc_y,double precision,source_native
master_catalog,/mnt/nvme01/cosmos-web-dr1-catalog/COSMOSWeb_mastercatalog_v1.1_bulgedisk.fits,HDU 1 [B+D],mag_err_model_disk_hsc-nb0816,D,1,bulge_disk,mag_err_model_disk_hsc_nb0816,double precision,source_native
master_catalog,/mnt/nvme01/cosmos-web-dr1-catalog/COSMOSWeb_mastercatalog_v1.1_bulgedisk.fits,HDU 1 [B+D],mag_err_model_disk_hsc-nb0921,D,1,bulge_disk,mag_err_model_disk_hsc_nb0921,double precision,source_native
master_catalog,/mnt/nvme01/cosmos-web-dr1-catalog/COSMOSWeb_mastercatalog_v1.1_bulgedisk.fits,HDU 1 [B+D],mag_err_model_disk_hsc-nb1010,D,1,bulge_disk,mag_err_model_disk_hsc_nb1010,double precision,source_native
master_catalog,/mnt/nvme01/cosmos-web-dr1-catalog/COSMOSWeb_mastercatalog_v1.1_bulgedisk.fits,HDU 1 [B+D],mag_err_model_disk_uvista-y,D,1,bulge_disk,mag_err_model_disk_uvista_y,double precision,source_native
master_catalog,/mnt/nvme01/cosmos-web-dr1-catalog/COSMOSWeb_mastercatalog_v1.1_bulgedisk.fits,HDU 1 [B+D],mag_err_model_disk_uvista-j,D,1,bulge_disk,mag_err_model_disk_uvista_j,double precision,source_native
master_catalog,/mnt/nvme01/cosmos-web-dr1-catalog/COSMOSWeb_mastercatalog_v1.1_bulgedisk.fits,HDU 1 [B+D],mag_err_model_disk_uvista-h,D,1,bulge_disk,mag_err_model_disk_uvista_h,double precision,source_native
master_catalog,/mnt/nvme01/cosmos-web-dr1-catalog/COSMOSWeb_mastercatalog_v1.1_bulgedisk.fits,HDU 1 [B+D],mag_err_model_disk_uvista-ks,D,1,bulge_disk,mag_err_model_disk_uvista_ks,double precision,source_native
master_catalog,/mnt/nvme01/cosmos-web-dr1-catalog/COSMOSWeb_mastercatalog_v1.1_bulgedisk.fits,HDU 1 [B+D],mag_err_model_disk_sc-ia484,D,1,bulge_disk,mag_err_model_disk_sc_ia484,double precision,source_native
master_catalog,/mnt/nvme01/cosmos-web-dr1-catalog/COSMOSWeb_mastercatalog_v1.1_bulgedisk.fits,HDU 1 [B+D],mag_err_model_disk_sc-ia527,D,1,bulge_disk,mag_err_model_disk_sc_ia527,double precision,source_native
master_catalog,/mnt/nvme01/cosmos-web-dr1-catalog/COSMOSWeb_mastercatalog_v1.1_bulgedisk.fits,HDU 1 [B+D],mag_err_model_disk_sc-ia624,D,1,bulge_disk,mag_err_model_disk_sc_ia624,double precision,source_native
master_catalog,/mnt/nvme01/cosmos-web-dr1-catalog/COSMOSWeb_mastercatalog_v1.1_bulgedisk.fits,HDU 1 [B+D],mag_err_model_disk_sc-ia679,D,1,bulge_disk,mag_err_model_disk_sc_ia679,double precision,source_native
master_catalog,/mnt/nvme01/cosmos-web-dr1-catalog/COSMOSWeb_mastercatalog_v1.1_bulgedisk.fits,HDU 1 [B+D],mag_err_model_disk_sc-ia738,D,1,bulge_disk,mag_err_model_disk_sc_ia738,double precision,source_native
master_catalog,/mnt/nvme01/cosmos-web-dr1-catalog/COSMOSWeb_mastercatalog_v1.1_bulgedisk.fits,HDU 1 [B+D],mag_err_model_disk_sc-ia767,D,1,bulge_disk,mag_err_model_disk_sc_ia767,double precision,source_native
master_catalog,/mnt/nvme01/cosmos-web-dr1-catalog/COSMOSWeb_mastercatalog_v1.1_bulgedisk.fits,HDU 1 [B+D],mag_err_model_disk_sc-ib427,D,1,bulge_disk,mag_err_model_disk_sc_ib427,double precision,source_native
master_catalog,/mnt/nvme01/cosmos-web-dr1-catalog/COSMOSWeb_mastercatalog_v1.1_bulgedisk.fits,HDU 1 [B+D],mag_err_model_disk_sc-ib505,D,1,bulge_disk,mag_err_model_disk_sc_ib505,double precision,source_native
master_catalog,/mnt/nvme01/cosmos-web-dr1-catalog/COSMOSWeb_mastercatalog_v1.1_bulgedisk.fits,HDU 1 [B+D],mag_err_model_disk_sc-ib574,D,1,bulge_disk,mag_err_model_disk_sc_ib574,double precision,source_native
master_catalog,/mnt/nvme01/cosmos-web-dr1-catalog/COSMOSWeb_mastercatalog_v1.1_bulgedisk.fits,HDU 1 [B+D],mag_err_model_disk_sc-ib709,D,1,bulge_disk,mag_err_model_disk_sc_ib709,double precision,source_native
master_catalog,/mnt/nvme01/cosmos-web-dr1-catalog/COSMOSWeb_mastercatalog_v1.1_bulgedisk.fits,HDU 1 [B+D],mag_err_model_disk_sc-ib827,D,1,bulge_disk,mag_err_model_disk_sc_ib827,double precision,source_native
master_catalog,/mnt/nvme01/cosmos-web-dr1-catalog/COSMOSWeb_mastercatalog_v1.1_bulgedisk.fits,HDU 1 [B+D],mag_err_model_disk_sc-nb711,D,1,bulge_disk,mag_err_model_disk_sc_nb711,double precision,source_native
master_catalog,/mnt/nvme01/cosmos-web-dr1-catalog/COSMOSWeb_mastercatalog_v1.1_bulgedisk.fits,HDU 1 [B+D],mag_err_model_disk_sc-nb816,D,1,bulge_disk,mag_err_model_disk_sc_nb816,double precision,source_native
master_catalog,/mnt/nvme01/cosmos-web-dr1-catalog/COSMOSWeb_mastercatalog_v1.1_bulgedisk.fits,HDU 1 [B+D],flux_model_bd_total_hst-f814w,D,1,bulge_disk,flux_model_bd_total_hst_f814w,double precision,source_native
master_catalog,/mnt/nvme01/cosmos-web-dr1-catalog/COSMOSWeb_mastercatalog_v1.1_bulgedisk.fits,HDU 1 [B+D],flux_model_bd_total_f770w,D,1,bulge_disk,flux_model_bd_total_f770w,double precision,source_native
master_catalog,/mnt/nvme01/cosmos-web-dr1-catalog/COSMOSWeb_mastercatalog_v1.1_bulgedisk.fits,HDU 1 [B+D],flux_model_bd_total_cfht-u,D,1,bulge_disk,flux_model_bd_total_cfht_u,double precision,source_native
master_catalog,/mnt/nvme01/cosmos-web-dr1-catalog/COSMOSWeb_mastercatalog_v1.1_bulgedisk.fits,HDU 1 [B+D],flux_model_bd_total_hsc-g,D,1,bulge_disk,flux_model_bd_total_hsc_g,double precision,source_native
master_catalog,/mnt/nvme01/cosmos-web-dr1-catalog/COSMOSWeb_mastercatalog_v1.1_bulgedisk.fits,HDU 1 [B+D],flux_model_bd_total_hsc-r,D,1,bulge_disk,flux_model_bd_total_hsc_r,double precision,source_native
master_catalog,/mnt/nvme01/cosmos-web-dr1-catalog/COSMOSWeb_mastercatalog_v1.1_bulgedisk.fits,HDU 1 [B+D],flux_model_bd_total_hsc-i,D,1,bulge_disk,flux_model_bd_total_hsc_i,double precision,source_native
master_catalog,/mnt/nvme01/cosmos-web-dr1-catalog/COSMOSWeb_mastercatalog_v1.1_bulgedisk.fits,HDU 1 [B+D],flux_model_bd_total_hsc-z,D,1,bulge_disk,flux_model_bd_total_hsc_z,double precision,source_native
master_catalog,/mnt/nvme01/cosmos-web-dr1-catalog/COSMOSWeb_mastercatalog_v1.1_bulgedisk.fits,HDU 1 [B+D],flux_model_bd_total_hsc-y,D,1,bulge_disk,flux_model_bd_total_hsc_y,double precision,source_native
master_catalog,/mnt/nvme01/cosmos-web-dr1-catalog/COSMOSWeb_mastercatalog_v1.1_bulgedisk.fits,HDU 1 [B+D],flux_model_bd_total_hsc-nb0816,D,1,bulge_disk,flux_model_bd_total_hsc_nb0816,double precision,source_native
master_catalog,/mnt/nvme01/cosmos-web-dr1-catalog/COSMOSWeb_mastercatalog_v1.1_bulgedisk.fits,HDU 1 [B+D],flux_model_bd_total_hsc-nb0921,D,1,bulge_disk,flux_model_bd_total_hsc_nb0921,double precision,source_native
master_catalog,/mnt/nvme01/cosmos-web-dr1-catalog/COSMOSWeb_mastercatalog_v1.1_bulgedisk.fits,HDU 1 [B+D],flux_model_bd_total_hsc-nb1010,D,1,bulge_disk,flux_model_bd_total_hsc_nb1010,double precision,source_native
master_catalog,/mnt/nvme01/cosmos-web-dr1-catalog/COSMOSWeb_mastercatalog_v1.1_bulgedisk.fits,HDU 1 [B+D],flux_model_bd_total_uvista-y,D,1,bulge_disk,flux_model_bd_total_uvista_y,double precision,source_native
master_catalog,/mnt/nvme01/cosmos-web-dr1-catalog/COSMOSWeb_mastercatalog_v1.1_bulgedisk.fits,HDU 1 [B+D],flux_model_bd_total_uvista-j,D,1,bulge_disk,flux_model_bd_total_uvista_j,double precision,source_native
master_catalog,/mnt/nvme01/cosmos-web-dr1-catalog/COSMOSWeb_mastercatalog_v1.1_bulgedisk.fits,HDU 1 [B+D],flux_model_bd_total_uvista-h,D,1,bulge_disk,flux_model_bd_total_uvista_h,double precision,source_native
master_catalog,/mnt/nvme01/cosmos-web-dr1-catalog/COSMOSWeb_mastercatalog_v1.1_bulgedisk.fits,HDU 1 [B+D],flux_model_bd_total_uvista-ks,D,1,bulge_disk,flux_model_bd_total_uvista_ks,double precision,source_native
master_catalog,/mnt/nvme01/cosmos-web-dr1-catalog/COSMOSWeb_mastercatalog_v1.1_bulgedisk.fits,HDU 1 [B+D],flux_model_bd_total_sc-ia484,D,1,bulge_disk,flux_model_bd_total_sc_ia484,double precision,source_native
master_catalog,/mnt/nvme01/cosmos-web-dr1-catalog/COSMOSWeb_mastercatalog_v1.1_bulgedisk.fits,HDU 1 [B+D],flux_model_bd_total_sc-ia527,D,1,bulge_disk,flux_model_bd_total_sc_ia527,double precision,source_native
master_catalog,/mnt/nvme01/cosmos-web-dr1-catalog/COSMOSWeb_mastercatalog_v1.1_bulgedisk.fits,HDU 1 [B+D],flux_model_bd_total_sc-ia624,D,1,bulge_disk,flux_model_bd_total_sc_ia624,double precision,source_native
master_catalog,/mnt/nvme01/cosmos-web-dr1-catalog/COSMOSWeb_mastercatalog_v1.1_bulgedisk.fits,HDU 1 [B+D],flux_model_bd_total_sc-ia679,D,1,bulge_disk,flux_model_bd_total_sc_ia679,double precision,source_native
master_catalog,/mnt/nvme01/cosmos-web-dr1-catalog/COSMOSWeb_mastercatalog_v1.1_bulgedisk.fits,HDU 1 [B+D],flux_model_bd_total_sc-ia738,D,1,bulge_disk,flux_model_bd_total_sc_ia738,double precision,source_native
master_catalog,/mnt/nvme01/cosmos-web-dr1-catalog/COSMOSWeb_mastercatalog_v1.1_bulgedisk.fits,HDU 1 [B+D],flux_model_bd_total_sc-ia767,D,1,bulge_disk,flux_model_bd_total_sc_ia767,double precision,source_native
master_catalog,/mnt/nvme01/cosmos-web-dr1-catalog/COSMOSWeb_mastercatalog_v1.1_bulgedisk.fits,HDU 1 [B+D],flux_model_bd_total_sc-ib427,D,1,bulge_disk,flux_model_bd_total_sc_ib427,double precision,source_native
master_catalog,/mnt/nvme01/cosmos-web-dr1-catalog/COSMOSWeb_mastercatalog_v1.1_bulgedisk.fits,HDU 1 [B+D],flux_model_bd_total_sc-ib505,D,1,bulge_disk,flux_model_bd_total_sc_ib505,double precision,source_native
master_catalog,/mnt/nvme01/cosmos-web-dr1-catalog/COSMOSWeb_mastercatalog_v1.1_bulgedisk.fits,HDU 1 [B+D],flux_model_bd_total_sc-ib574,D,1,bulge_disk,flux_model_bd_total_sc_ib574,double precision,source_native
master_catalog,/mnt/nvme01/cosmos-web-dr1-catalog/COSMOSWeb_mastercatalog_v1.1_bulgedisk.fits,HDU 1 [B+D],flux_model_bd_total_sc-ib709,D,1,bulge_disk,flux_model_bd_total_sc_ib709,double precision,source_native
master_catalog,/mnt/nvme01/cosmos-web-dr1-catalog/COSMOSWeb_mastercatalog_v1.1_bulgedisk.fits,HDU 1 [B+D],flux_model_bd_total_sc-ib827,D,1,bulge_disk,flux_model_bd_total_sc_ib827,double precision,source_native
master_catalog,/mnt/nvme01/cosmos-web-dr1-catalog/COSMOSWeb_mastercatalog_v1.1_bulgedisk.fits,HDU 1 [B+D],flux_model_bd_total_sc-nb711,D,1,bulge_disk,flux_model_bd_total_sc_nb711,double precision,source_native
master_catalog,/mnt/nvme01/cosmos-web-dr1-catalog/COSMOSWeb_mastercatalog_v1.1_bulgedisk.fits,HDU 1 [B+D],flux_model_bd_total_sc-nb816,D,1,bulge_disk,flux_model_bd_total_sc_nb816,double precision,source_native
master_catalog,/mnt/nvme01/cosmos-web-dr1-catalog/COSMOSWeb_mastercatalog_v1.1_bulgedisk.fits,HDU 1 [B+D],flux_err_model_bd_total_hst-f814w,D,1,bulge_disk,flux_err_model_bd_total_hst_f814w,double precision,source_native
master_catalog,/mnt/nvme01/cosmos-web-dr1-catalog/COSMOSWeb_mastercatalog_v1.1_bulgedisk.fits,HDU 1 [B+D],flux_err_model_bd_total_f770w,D,1,bulge_disk,flux_err_model_bd_total_f770w,double precision,source_native
master_catalog,/mnt/nvme01/cosmos-web-dr1-catalog/COSMOSWeb_mastercatalog_v1.1_bulgedisk.fits,HDU 1 [B+D],flux_err_model_bd_total_cfht-u,D,1,bulge_disk,flux_err_model_bd_total_cfht_u,double precision,source_native
master_catalog,/mnt/nvme01/cosmos-web-dr1-catalog/COSMOSWeb_mastercatalog_v1.1_bulgedisk.fits,HDU 1 [B+D],flux_err_model_bd_total_hsc-g,D,1,bulge_disk,flux_err_model_bd_total_hsc_g,double precision,source_native
master_catalog,/mnt/nvme01/cosmos-web-dr1-catalog/COSMOSWeb_mastercatalog_v1.1_bulgedisk.fits,HDU 1 [B+D],flux_err_model_bd_total_hsc-r,D,1,bulge_disk,flux_err_model_bd_total_hsc_r,double precision,source_native
master_catalog,/mnt/nvme01/cosmos-web-dr1-catalog/COSMOSWeb_mastercatalog_v1.1_bulgedisk.fits,HDU 1 [B+D],flux_err_model_bd_total_hsc-i,D,1,bulge_disk,flux_err_model_bd_total_hsc_i,double precision,source_native
master_catalog,/mnt/nvme01/cosmos-web-dr1-catalog/COSMOSWeb_mastercatalog_v1.1_bulgedisk.fits,HDU 1 [B+D],flux_err_model_bd_total_hsc-z,D,1,bulge_disk,flux_err_model_bd_total_hsc_z,double precision,source_native
master_catalog,/mnt/nvme01/cosmos-web-dr1-catalog/COSMOSWeb_mastercatalog_v1.1_bulgedisk.fits,HDU 1 [B+D],flux_err_model_bd_total_hsc-y,D,1,bulge_disk,flux_err_model_bd_total_hsc_y,double precision,source_native
master_catalog,/mnt/nvme01/cosmos-web-dr1-catalog/COSMOSWeb_mastercatalog_v1.1_bulgedisk.fits,HDU 1 [B+D],flux_err_model_bd_total_hsc-nb0816,D,1,bulge_disk,flux_err_model_bd_total_hsc_nb0816,double precision,source_native
master_catalog,/mnt/nvme01/cosmos-web-dr1-catalog/COSMOSWeb_mastercatalog_v1.1_bulgedisk.fits,HDU 1 [B+D],flux_err_model_bd_total_hsc-nb0921,D,1,bulge_disk,flux_err_model_bd_total_hsc_nb0921,double precision,source_native
master_catalog,/mnt/nvme01/cosmos-web-dr1-catalog/COSMOSWeb_mastercatalog_v1.1_bulgedisk.fits,HDU 1 [B+D],flux_err_model_bd_total_hsc-nb1010,D,1,bulge_disk,flux_err_model_bd_total_hsc_nb1010,double precision,source_native
master_catalog,/mnt/nvme01/cosmos-web-dr1-catalog/COSMOSWeb_mastercatalog_v1.1_bulgedisk.fits,HDU 1 [B+D],flux_err_model_bd_total_uvista-y,D,1,bulge_disk,flux_err_model_bd_total_uvista_y,double precision,source_native
master_catalog,/mnt/nvme01/cosmos-web-dr1-catalog/COSMOSWeb_mastercatalog_v1.1_bulgedisk.fits,HDU 1 [B+D],flux_err_model_bd_total_uvista-j,D,1,bulge_disk,flux_err_model_bd_total_uvista_j,double precision,source_native
master_catalog,/mnt/nvme01/cosmos-web-dr1-catalog/COSMOSWeb_mastercatalog_v1.1_bulgedisk.fits,HDU 1 [B+D],flux_err_model_bd_total_uvista-h,D,1,bulge_disk,flux_err_model_bd_total_uvista_h,double precision,source_native
master_catalog,/mnt/nvme01/cosmos-web-dr1-catalog/COSMOSWeb_mastercatalog_v1.1_bulgedisk.fits,HDU 1 [B+D],flux_err_model_bd_total_uvista-ks,D,1,bulge_disk,flux_err_model_bd_total_uvista_ks,double precision,source_native
master_catalog,/mnt/nvme01/cosmos-web-dr1-catalog/COSMOSWeb_mastercatalog_v1.1_bulgedisk.fits,HDU 1 [B+D],flux_err_model_bd_total_sc-ia484,D,1,bulge_disk,flux_err_model_bd_total_sc_ia484,double precision,source_native
master_catalog,/mnt/nvme01/cosmos-web-dr1-catalog/COSMOSWeb_mastercatalog_v1.1_bulgedisk.fits,HDU 1 [B+D],flux_err_model_bd_total_sc-ia527,D,1,bulge_disk,flux_err_model_bd_total_sc_ia527,double precision,source_native
master_catalog,/mnt/nvme01/cosmos-web-dr1-catalog/COSMOSWeb_mastercatalog_v1.1_bulgedisk.fits,HDU 1 [B+D],flux_err_model_bd_total_sc-ia624,D,1,bulge_disk,flux_err_model_bd_total_sc_ia624,double precision,source_native
master_catalog,/mnt/nvme01/cosmos-web-dr1-catalog/COSMOSWeb_mastercatalog_v1.1_bulgedisk.fits,HDU 1 [B+D],flux_err_model_bd_total_sc-ia679,D,1,bulge_disk,flux_err_model_bd_total_sc_ia679,double precision,source_native
master_catalog,/mnt/nvme01/cosmos-web-dr1-catalog/COSMOSWeb_mastercatalog_v1.1_bulgedisk.fits,HDU 1 [B+D],flux_err_model_bd_total_sc-ia738,D,1,bulge_disk,flux_err_model_bd_total_sc_ia738,double precision,source_native
master_catalog,/mnt/nvme01/cosmos-web-dr1-catalog/COSMOSWeb_mastercatalog_v1.1_bulgedisk.fits,HDU 1 [B+D],flux_err_model_bd_total_sc-ia767,D,1,bulge_disk,flux_err_model_bd_total_sc_ia767,double precision,source_native
master_catalog,/mnt/nvme01/cosmos-web-dr1-catalog/COSMOSWeb_mastercatalog_v1.1_bulgedisk.fits,HDU 1 [B+D],flux_err_model_bd_total_sc-ib427,D,1,bulge_disk,flux_err_model_bd_total_sc_ib427,double precision,source_native
master_catalog,/mnt/nvme01/cosmos-web-dr1-catalog/COSMOSWeb_mastercatalog_v1.1_bulgedisk.fits,HDU 1 [B+D],flux_err_model_bd_total_sc-ib505,D,1,bulge_disk,flux_err_model_bd_total_sc_ib505,double precision,source_native
master_catalog,/mnt/nvme01/cosmos-web-dr1-catalog/COSMOSWeb_mastercatalog_v1.1_bulgedisk.fits,HDU 1 [B+D],flux_err_model_bd_total_sc-ib574,D,1,bulge_disk,flux_err_model_bd_total_sc_ib574,double precision,source_native
master_catalog,/mnt/nvme01/cosmos-web-dr1-catalog/COSMOSWeb_mastercatalog_v1.1_bulgedisk.fits,HDU 1 [B+D],flux_err_model_bd_total_sc-ib709,D,1,bulge_disk,flux_err_model_bd_total_sc_ib709,double precision,source_native
master_catalog,/mnt/nvme01/cosmos-web-dr1-catalog/COSMOSWeb_mastercatalog_v1.1_bulgedisk.fits,HDU 1 [B+D],flux_err_model_bd_total_sc-ib827,D,1,bulge_disk,flux_err_model_bd_total_sc_ib827,double precision,source_native
master_catalog,/mnt/nvme01/cosmos-web-dr1-catalog/COSMOSWeb_mastercatalog_v1.1_bulgedisk.fits,HDU 1 [B+D],flux_err_model_bd_total_sc-nb711,D,1,bulge_disk,flux_err_model_bd_total_sc_nb711,double precision,source_native
master_catalog,/mnt/nvme01/cosmos-web-dr1-catalog/COSMOSWeb_mastercatalog_v1.1_bulgedisk.fits,HDU 1 [B+D],flux_err_model_bd_total_sc-nb816,D,1,bulge_disk,flux_err_model_bd_total_sc_nb816,double precision,source_native
master_catalog,/mnt/nvme01/cosmos-web-dr1-catalog/COSMOSWeb_mastercatalog_v1.1_bulgedisk.fits,HDU 1 [B+D],flux_model_bulge_hst-f814w,D,1,bulge_disk,flux_model_bulge_hst_f814w,double precision,source_native
master_catalog,/mnt/nvme01/cosmos-web-dr1-catalog/COSMOSWeb_mastercatalog_v1.1_bulgedisk.fits,HDU 1 [B+D],flux_model_bulge_f770w,D,1,bulge_disk,flux_model_bulge_f770w,double precision,source_native
master_catalog,/mnt/nvme01/cosmos-web-dr1-catalog/COSMOSWeb_mastercatalog_v1.1_bulgedisk.fits,HDU 1 [B+D],flux_model_bulge_cfht-u,D,1,bulge_disk,flux_model_bulge_cfht_u,double precision,source_native
master_catalog,/mnt/nvme01/cosmos-web-dr1-catalog/COSMOSWeb_mastercatalog_v1.1_bulgedisk.fits,HDU 1 [B+D],flux_model_bulge_hsc-g,D,1,bulge_disk,flux_model_bulge_hsc_g,double precision,source_native
master_catalog,/mnt/nvme01/cosmos-web-dr1-catalog/COSMOSWeb_mastercatalog_v1.1_bulgedisk.fits,HDU 1 [B+D],flux_model_bulge_hsc-r,D,1,bulge_disk,flux_model_bulge_hsc_r,double precision,source_native
master_catalog,/mnt/nvme01/cosmos-web-dr1-catalog/COSMOSWeb_mastercatalog_v1.1_bulgedisk.fits,HDU 1 [B+D],flux_model_bulge_hsc-i,D,1,bulge_disk,flux_model_bulge_hsc_i,double precision,source_native
master_catalog,/mnt/nvme01/cosmos-web-dr1-catalog/COSMOSWeb_mastercatalog_v1.1_bulgedisk.fits,HDU 1 [B+D],flux_model_bulge_hsc-z,D,1,bulge_disk,flux_model_bulge_hsc_z,double precision,source_native
master_catalog,/mnt/nvme01/cosmos-web-dr1-catalog/COSMOSWeb_mastercatalog_v1.1_bulgedisk.fits,HDU 1 [B+D],flux_model_bulge_hsc-y,D,1,bulge_disk,flux_model_bulge_hsc_y,double precision,source_native
master_catalog,/mnt/nvme01/cosmos-web-dr1-catalog/COSMOSWeb_mastercatalog_v1.1_bulgedisk.fits,HDU 1 [B+D],flux_model_bulge_hsc-nb0816,D,1,bulge_disk,flux_model_bulge_hsc_nb0816,double precision,source_native
master_catalog,/mnt/nvme01/cosmos-web-dr1-catalog/COSMOSWeb_mastercatalog_v1.1_bulgedisk.fits,HDU 1 [B+D],flux_model_bulge_hsc-nb0921,D,1,bulge_disk,flux_model_bulge_hsc_nb0921,double precision,source_native
master_catalog,/mnt/nvme01/cosmos-web-dr1-catalog/COSMOSWeb_mastercatalog_v1.1_bulgedisk.fits,HDU 1 [B+D],flux_model_bulge_hsc-nb1010,D,1,bulge_disk,flux_model_bulge_hsc_nb1010,double precision,source_native
master_catalog,/mnt/nvme01/cosmos-web-dr1-catalog/COSMOSWeb_mastercatalog_v1.1_bulgedisk.fits,HDU 1 [B+D],flux_model_bulge_uvista-y,D,1,bulge_disk,flux_model_bulge_uvista_y,double precision,source_native
master_catalog,/mnt/nvme01/cosmos-web-dr1-catalog/COSMOSWeb_mastercatalog_v1.1_bulgedisk.fits,HDU 1 [B+D],flux_model_bulge_uvista-j,D,1,bulge_disk,flux_model_bulge_uvista_j,double precision,source_native
master_catalog,/mnt/nvme01/cosmos-web-dr1-catalog/COSMOSWeb_mastercatalog_v1.1_bulgedisk.fits,HDU 1 [B+D],flux_model_bulge_uvista-h,D,1,bulge_disk,flux_model_bulge_uvista_h,double precision,source_native
master_catalog,/mnt/nvme01/cosmos-web-dr1-catalog/COSMOSWeb_mastercatalog_v1.1_bulgedisk.fits,HDU 1 [B+D],flux_model_bulge_uvista-ks,D,1,bulge_disk,flux_model_bulge_uvista_ks,double precision,source_native
master_catalog,/mnt/nvme01/cosmos-web-dr1-catalog/COSMOSWeb_mastercatalog_v1.1_bulgedisk.fits,HDU 1 [B+D],flux_model_bulge_sc-ia484,D,1,bulge_disk,flux_model_bulge_sc_ia484,double precision,source_native
master_catalog,/mnt/nvme01/cosmos-web-dr1-catalog/COSMOSWeb_mastercatalog_v1.1_bulgedisk.fits,HDU 1 [B+D],flux_model_bulge_sc-ia527,D,1,bulge_disk,flux_model_bulge_sc_ia527,double precision,source_native
master_catalog,/mnt/nvme01/cosmos-web-dr1-catalog/COSMOSWeb_mastercatalog_v1.1_bulgedisk.fits,HDU 1 [B+D],flux_model_bulge_sc-ia624,D,1,bulge_disk,flux_model_bulge_sc_ia624,double precision,source_native
master_catalog,/mnt/nvme01/cosmos-web-dr1-catalog/COSMOSWeb_mastercatalog_v1.1_bulgedisk.fits,HDU 1 [B+D],flux_model_bulge_sc-ia679,D,1,bulge_disk,flux_model_bulge_sc_ia679,double precision,source_native
master_catalog,/mnt/nvme01/cosmos-web-dr1-catalog/COSMOSWeb_mastercatalog_v1.1_bulgedisk.fits,HDU 1 [B+D],flux_model_bulge_sc-ia738,D,1,bulge_disk,flux_model_bulge_sc_ia738,double precision,source_native
master_catalog,/mnt/nvme01/cosmos-web-dr1-catalog/COSMOSWeb_mastercatalog_v1.1_bulgedisk.fits,HDU 1 [B+D],flux_model_bulge_sc-ia767,D,1,bulge_disk,flux_model_bulge_sc_ia767,double precision,source_native
master_catalog,/mnt/nvme01/cosmos-web-dr1-catalog/COSMOSWeb_mastercatalog_v1.1_bulgedisk.fits,HDU 1 [B+D],flux_model_bulge_sc-ib427,D,1,bulge_disk,flux_model_bulge_sc_ib427,double precision,source_native
master_catalog,/mnt/nvme01/cosmos-web-dr1-catalog/COSMOSWeb_mastercatalog_v1.1_bulgedisk.fits,HDU 1 [B+D],flux_model_bulge_sc-ib505,D,1,bulge_disk,flux_model_bulge_sc_ib505,double precision,source_native
master_catalog,/mnt/nvme01/cosmos-web-dr1-catalog/COSMOSWeb_mastercatalog_v1.1_bulgedisk.fits,HDU 1 [B+D],flux_model_bulge_sc-ib574,D,1,bulge_disk,flux_model_bulge_sc_ib574,double precision,source_native
master_catalog,/mnt/nvme01/cosmos-web-dr1-catalog/COSMOSWeb_mastercatalog_v1.1_bulgedisk.fits,HDU 1 [B+D],flux_model_bulge_sc-ib709,D,1,bulge_disk,flux_model_bulge_sc_ib709,double precision,source_native
master_catalog,/mnt/nvme01/cosmos-web-dr1-catalog/COSMOSWeb_mastercatalog_v1.1_bulgedisk.fits,HDU 1 [B+D],flux_model_bulge_sc-ib827,D,1,bulge_disk,flux_model_bulge_sc_ib827,double precision,source_native
master_catalog,/mnt/nvme01/cosmos-web-dr1-catalog/COSMOSWeb_mastercatalog_v1.1_bulgedisk.fits,HDU 1 [B+D],flux_model_bulge_sc-nb711,D,1,bulge_disk,flux_model_bulge_sc_nb711,double precision,source_native
master_catalog,/mnt/nvme01/cosmos-web-dr1-catalog/COSMOSWeb_mastercatalog_v1.1_bulgedisk.fits,HDU 1 [B+D],flux_model_bulge_sc-nb816,D,1,bulge_disk,flux_model_bulge_sc_nb816,double precision,source_native
master_catalog,/mnt/nvme01/cosmos-web-dr1-catalog/COSMOSWeb_mastercatalog_v1.1_bulgedisk.fits,HDU 1 [B+D],flux_err_model_bulge_hst-f814w,D,1,bulge_disk,flux_err_model_bulge_hst_f814w,double precision,source_native
master_catalog,/mnt/nvme01/cosmos-web-dr1-catalog/COSMOSWeb_mastercatalog_v1.1_bulgedisk.fits,HDU 1 [B+D],flux_err_model_bulge_f770w,D,1,bulge_disk,flux_err_model_bulge_f770w,double precision,source_native
master_catalog,/mnt/nvme01/cosmos-web-dr1-catalog/COSMOSWeb_mastercatalog_v1.1_bulgedisk.fits,HDU 1 [B+D],flux_err_model_bulge_cfht-u,D,1,bulge_disk,flux_err_model_bulge_cfht_u,double precision,source_native
master_catalog,/mnt/nvme01/cosmos-web-dr1-catalog/COSMOSWeb_mastercatalog_v1.1_bulgedisk.fits,HDU 1 [B+D],flux_err_model_bulge_hsc-g,D,1,bulge_disk,flux_err_model_bulge_hsc_g,double precision,source_native
master_catalog,/mnt/nvme01/cosmos-web-dr1-catalog/COSMOSWeb_mastercatalog_v1.1_bulgedisk.fits,HDU 1 [B+D],flux_err_model_bulge_hsc-r,D,1,bulge_disk,flux_err_model_bulge_hsc_r,double precision,source_native
master_catalog,/mnt/nvme01/cosmos-web-dr1-catalog/COSMOSWeb_mastercatalog_v1.1_bulgedisk.fits,HDU 1 [B+D],flux_err_model_bulge_hsc-i,D,1,bulge_disk,flux_err_model_bulge_hsc_i,double precision,source_native
master_catalog,/mnt/nvme01/cosmos-web-dr1-catalog/COSMOSWeb_mastercatalog_v1.1_bulgedisk.fits,HDU 1 [B+D],flux_err_model_bulge_hsc-z,D,1,bulge_disk,flux_err_model_bulge_hsc_z,double precision,source_native
master_catalog,/mnt/nvme01/cosmos-web-dr1-catalog/COSMOSWeb_mastercatalog_v1.1_bulgedisk.fits,HDU 1 [B+D],flux_err_model_bulge_hsc-y,D,1,bulge_disk,flux_err_model_bulge_hsc_y,double precision,source_native
master_catalog,/mnt/nvme01/cosmos-web-dr1-catalog/COSMOSWeb_mastercatalog_v1.1_bulgedisk.fits,HDU 1 [B+D],flux_err_model_bulge_hsc-nb0816,D,1,bulge_disk,flux_err_model_bulge_hsc_nb0816,double precision,source_native
master_catalog,/mnt/nvme01/cosmos-web-dr1-catalog/COSMOSWeb_mastercatalog_v1.1_bulgedisk.fits,HDU 1 [B+D],flux_err_model_bulge_hsc-nb0921,D,1,bulge_disk,flux_err_model_bulge_hsc_nb0921,double precision,source_native
master_catalog,/mnt/nvme01/cosmos-web-dr1-catalog/COSMOSWeb_mastercatalog_v1.1_bulgedisk.fits,HDU 1 [B+D],flux_err_model_bulge_hsc-nb1010,D,1,bulge_disk,flux_err_model_bulge_hsc_nb1010,double precision,source_native
master_catalog,/mnt/nvme01/cosmos-web-dr1-catalog/COSMOSWeb_mastercatalog_v1.1_bulgedisk.fits,HDU 1 [B+D],flux_err_model_bulge_uvista-y,D,1,bulge_disk,flux_err_model_bulge_uvista_y,double precision,source_native
master_catalog,/mnt/nvme01/cosmos-web-dr1-catalog/COSMOSWeb_mastercatalog_v1.1_bulgedisk.fits,HDU 1 [B+D],flux_err_model_bulge_uvista-j,D,1,bulge_disk,flux_err_model_bulge_uvista_j,double precision,source_native
master_catalog,/mnt/nvme01/cosmos-web-dr1-catalog/COSMOSWeb_mastercatalog_v1.1_bulgedisk.fits,HDU 1 [B+D],flux_err_model_bulge_uvista-h,D,1,bulge_disk,flux_err_model_bulge_uvista_h,double precision,source_native
master_catalog,/mnt/nvme01/cosmos-web-dr1-catalog/COSMOSWeb_mastercatalog_v1.1_bulgedisk.fits,HDU 1 [B+D],flux_err_model_bulge_uvista-ks,D,1,bulge_disk,flux_err_model_bulge_uvista_ks,double precision,source_native
master_catalog,/mnt/nvme01/cosmos-web-dr1-catalog/COSMOSWeb_mastercatalog_v1.1_bulgedisk.fits,HDU 1 [B+D],flux_err_model_bulge_sc-ia484,D,1,bulge_disk,flux_err_model_bulge_sc_ia484,double precision,source_native
master_catalog,/mnt/nvme01/cosmos-web-dr1-catalog/COSMOSWeb_mastercatalog_v1.1_bulgedisk.fits,HDU 1 [B+D],flux_err_model_bulge_sc-ia527,D,1,bulge_disk,flux_err_model_bulge_sc_ia527,double precision,source_native
master_catalog,/mnt/nvme01/cosmos-web-dr1-catalog/COSMOSWeb_mastercatalog_v1.1_bulgedisk.fits,HDU 1 [B+D],flux_err_model_bulge_sc-ia624,D,1,bulge_disk,flux_err_model_bulge_sc_ia624,double precision,source_native
master_catalog,/mnt/nvme01/cosmos-web-dr1-catalog/COSMOSWeb_mastercatalog_v1.1_bulgedisk.fits,HDU 1 [B+D],flux_err_model_bulge_sc-ia679,D,1,bulge_disk,flux_err_model_bulge_sc_ia679,double precision,source_native
master_catalog,/mnt/nvme01/cosmos-web-dr1-catalog/COSMOSWeb_mastercatalog_v1.1_bulgedisk.fits,HDU 1 [B+D],flux_err_model_bulge_sc-ia738,D,1,bulge_disk,flux_err_model_bulge_sc_ia738,double precision,source_native
master_catalog,/mnt/nvme01/cosmos-web-dr1-catalog/COSMOSWeb_mastercatalog_v1.1_bulgedisk.fits,HDU 1 [B+D],flux_err_model_bulge_sc-ia767,D,1,bulge_disk,flux_err_model_bulge_sc_ia767,double precision,source_native
master_catalog,/mnt/nvme01/cosmos-web-dr1-catalog/COSMOSWeb_mastercatalog_v1.1_bulgedisk.fits,HDU 1 [B+D],flux_err_model_bulge_sc-ib427,D,1,bulge_disk,flux_err_model_bulge_sc_ib427,double precision,source_native
master_catalog,/mnt/nvme01/cosmos-web-dr1-catalog/COSMOSWeb_mastercatalog_v1.1_bulgedisk.fits,HDU 1 [B+D],flux_err_model_bulge_sc-ib505,D,1,bulge_disk,flux_err_model_bulge_sc_ib505,double precision,source_native
master_catalog,/mnt/nvme01/cosmos-web-dr1-catalog/COSMOSWeb_mastercatalog_v1.1_bulgedisk.fits,HDU 1 [B+D],flux_err_model_bulge_sc-ib574,D,1,bulge_disk,flux_err_model_bulge_sc_ib574,double precision,source_native
master_catalog,/mnt/nvme01/cosmos-web-dr1-catalog/COSMOSWeb_mastercatalog_v1.1_bulgedisk.fits,HDU 1 [B+D],flux_err_model_bulge_sc-ib709,D,1,bulge_disk,flux_err_model_bulge_sc_ib709,double precision,source_native
master_catalog,/mnt/nvme01/cosmos-web-dr1-catalog/COSMOSWeb_mastercatalog_v1.1_bulgedisk.fits,HDU 1 [B+D],flux_err_model_bulge_sc-ib827,D,1,bulge_disk,flux_err_model_bulge_sc_ib827,double precision,source_native
master_catalog,/mnt/nvme01/cosmos-web-dr1-catalog/COSMOSWeb_mastercatalog_v1.1_bulgedisk.fits,HDU 1 [B+D],flux_err_model_bulge_sc-nb711,D,1,bulge_disk,flux_err_model_bulge_sc_nb711,double precision,source_native
master_catalog,/mnt/nvme01/cosmos-web-dr1-catalog/COSMOSWeb_mastercatalog_v1.1_bulgedisk.fits,HDU 1 [B+D],flux_err_model_bulge_sc-nb816,D,1,bulge_disk,flux_err_model_bulge_sc_nb816,double precision,source_native
master_catalog,/mnt/nvme01/cosmos-web-dr1-catalog/COSMOSWeb_mastercatalog_v1.1_bulgedisk.fits,HDU 1 [B+D],flux_model_disk_hst-f814w,D,1,bulge_disk,flux_model_disk_hst_f814w,double precision,source_native
master_catalog,/mnt/nvme01/cosmos-web-dr1-catalog/COSMOSWeb_mastercatalog_v1.1_bulgedisk.fits,HDU 1 [B+D],flux_model_disk_f770w,D,1,bulge_disk,flux_model_disk_f770w,double precision,source_native
master_catalog,/mnt/nvme01/cosmos-web-dr1-catalog/COSMOSWeb_mastercatalog_v1.1_bulgedisk.fits,HDU 1 [B+D],flux_model_disk_cfht-u,D,1,bulge_disk,flux_model_disk_cfht_u,double precision,source_native
master_catalog,/mnt/nvme01/cosmos-web-dr1-catalog/COSMOSWeb_mastercatalog_v1.1_bulgedisk.fits,HDU 1 [B+D],flux_model_disk_hsc-g,D,1,bulge_disk,flux_model_disk_hsc_g,double precision,source_native
master_catalog,/mnt/nvme01/cosmos-web-dr1-catalog/COSMOSWeb_mastercatalog_v1.1_bulgedisk.fits,HDU 1 [B+D],flux_model_disk_hsc-r,D,1,bulge_disk,flux_model_disk_hsc_r,double precision,source_native
master_catalog,/mnt/nvme01/cosmos-web-dr1-catalog/COSMOSWeb_mastercatalog_v1.1_bulgedisk.fits,HDU 1 [B+D],flux_model_disk_hsc-i,D,1,bulge_disk,flux_model_disk_hsc_i,double precision,source_native
master_catalog,/mnt/nvme01/cosmos-web-dr1-catalog/COSMOSWeb_mastercatalog_v1.1_bulgedisk.fits,HDU 1 [B+D],flux_model_disk_hsc-z,D,1,bulge_disk,flux_model_disk_hsc_z,double precision,source_native
master_catalog,/mnt/nvme01/cosmos-web-dr1-catalog/COSMOSWeb_mastercatalog_v1.1_bulgedisk.fits,HDU 1 [B+D],flux_model_disk_hsc-y,D,1,bulge_disk,flux_model_disk_hsc_y,double precision,source_native
master_catalog,/mnt/nvme01/cosmos-web-dr1-catalog/COSMOSWeb_mastercatalog_v1.1_bulgedisk.fits,HDU 1 [B+D],flux_model_disk_hsc-nb0816,D,1,bulge_disk,flux_model_disk_hsc_nb0816,double precision,source_native
master_catalog,/mnt/nvme01/cosmos-web-dr1-catalog/COSMOSWeb_mastercatalog_v1.1_bulgedisk.fits,HDU 1 [B+D],flux_model_disk_hsc-nb0921,D,1,bulge_disk,flux_model_disk_hsc_nb0921,double precision,source_native
master_catalog,/mnt/nvme01/cosmos-web-dr1-catalog/COSMOSWeb_mastercatalog_v1.1_bulgedisk.fits,HDU 1 [B+D],flux_model_disk_hsc-nb1010,D,1,bulge_disk,flux_model_disk_hsc_nb1010,double precision,source_native
master_catalog,/mnt/nvme01/cosmos-web-dr1-catalog/COSMOSWeb_mastercatalog_v1.1_bulgedisk.fits,HDU 1 [B+D],flux_model_disk_uvista-y,D,1,bulge_disk,flux_model_disk_uvista_y,double precision,source_native
master_catalog,/mnt/nvme01/cosmos-web-dr1-catalog/COSMOSWeb_mastercatalog_v1.1_bulgedisk.fits,HDU 1 [B+D],flux_model_disk_uvista-j,D,1,bulge_disk,flux_model_disk_uvista_j,double precision,source_native
master_catalog,/mnt/nvme01/cosmos-web-dr1-catalog/COSMOSWeb_mastercatalog_v1.1_bulgedisk.fits,HDU 1 [B+D],flux_model_disk_uvista-h,D,1,bulge_disk,flux_model_disk_uvista_h,double precision,source_native
master_catalog,/mnt/nvme01/cosmos-web-dr1-catalog/COSMOSWeb_mastercatalog_v1.1_bulgedisk.fits,HDU 1 [B+D],flux_model_disk_uvista-ks,D,1,bulge_disk,flux_model_disk_uvista_ks,double precision,source_native
master_catalog,/mnt/nvme01/cosmos-web-dr1-catalog/COSMOSWeb_mastercatalog_v1.1_bulgedisk.fits,HDU 1 [B+D],flux_model_disk_sc-ia484,D,1,bulge_disk,flux_model_disk_sc_ia484,double precision,source_native
master_catalog,/mnt/nvme01/cosmos-web-dr1-catalog/COSMOSWeb_mastercatalog_v1.1_bulgedisk.fits,HDU 1 [B+D],flux_model_disk_sc-ia527,D,1,bulge_disk,flux_model_disk_sc_ia527,double precision,source_native
master_catalog,/mnt/nvme01/cosmos-web-dr1-catalog/COSMOSWeb_mastercatalog_v1.1_bulgedisk.fits,HDU 1 [B+D],flux_model_disk_sc-ia624,D,1,bulge_disk,flux_model_disk_sc_ia624,double precision,source_native
master_catalog,/mnt/nvme01/cosmos-web-dr1-catalog/COSMOSWeb_mastercatalog_v1.1_bulgedisk.fits,HDU 1 [B+D],flux_model_disk_sc-ia679,D,1,bulge_disk,flux_model_disk_sc_ia679,double precision,source_native
master_catalog,/mnt/nvme01/cosmos-web-dr1-catalog/COSMOSWeb_mastercatalog_v1.1_bulgedisk.fits,HDU 1 [B+D],flux_model_disk_sc-ia738,D,1,bulge_disk,flux_model_disk_sc_ia738,double precision,source_native
master_catalog,/mnt/nvme01/cosmos-web-dr1-catalog/COSMOSWeb_mastercatalog_v1.1_bulgedisk.fits,HDU 1 [B+D],flux_model_disk_sc-ia767,D,1,bulge_disk,flux_model_disk_sc_ia767,double precision,source_native
master_catalog,/mnt/nvme01/cosmos-web-dr1-catalog/COSMOSWeb_mastercatalog_v1.1_bulgedisk.fits,HDU 1 [B+D],flux_model_disk_sc-ib427,D,1,bulge_disk,flux_model_disk_sc_ib427,double precision,source_native
master_catalog,/mnt/nvme01/cosmos-web-dr1-catalog/COSMOSWeb_mastercatalog_v1.1_bulgedisk.fits,HDU 1 [B+D],flux_model_disk_sc-ib505,D,1,bulge_disk,flux_model_disk_sc_ib505,double precision,source_native
master_catalog,/mnt/nvme01/cosmos-web-dr1-catalog/COSMOSWeb_mastercatalog_v1.1_bulgedisk.fits,HDU 1 [B+D],flux_model_disk_sc-ib574,D,1,bulge_disk,flux_model_disk_sc_ib574,double precision,source_native
master_catalog,/mnt/nvme01/cosmos-web-dr1-catalog/COSMOSWeb_mastercatalog_v1.1_bulgedisk.fits,HDU 1 [B+D],flux_model_disk_sc-ib709,D,1,bulge_disk,flux_model_disk_sc_ib709,double precision,source_native
master_catalog,/mnt/nvme01/cosmos-web-dr1-catalog/COSMOSWeb_mastercatalog_v1.1_bulgedisk.fits,HDU 1 [B+D],flux_model_disk_sc-ib827,D,1,bulge_disk,flux_model_disk_sc_ib827,double precision,source_native
master_catalog,/mnt/nvme01/cosmos-web-dr1-catalog/COSMOSWeb_mastercatalog_v1.1_bulgedisk.fits,HDU 1 [B+D],flux_model_disk_sc-nb711,D,1,bulge_disk,flux_model_disk_sc_nb711,double precision,source_native
master_catalog,/mnt/nvme01/cosmos-web-dr1-catalog/COSMOSWeb_mastercatalog_v1.1_bulgedisk.fits,HDU 1 [B+D],flux_model_disk_sc-nb816,D,1,bulge_disk,flux_model_disk_sc_nb816,double precision,source_native
master_catalog,/mnt/nvme01/cosmos-web-dr1-catalog/COSMOSWeb_mastercatalog_v1.1_bulgedisk.fits,HDU 1 [B+D],flux_err_model_disk_hst-f814w,D,1,bulge_disk,flux_err_model_disk_hst_f814w,double precision,source_native
master_catalog,/mnt/nvme01/cosmos-web-dr1-catalog/COSMOSWeb_mastercatalog_v1.1_bulgedisk.fits,HDU 1 [B+D],flux_err_model_disk_f770w,D,1,bulge_disk,flux_err_model_disk_f770w,double precision,source_native
master_catalog,/mnt/nvme01/cosmos-web-dr1-catalog/COSMOSWeb_mastercatalog_v1.1_bulgedisk.fits,HDU 1 [B+D],flux_err_model_disk_cfht-u,D,1,bulge_disk,flux_err_model_disk_cfht_u,double precision,source_native
master_catalog,/mnt/nvme01/cosmos-web-dr1-catalog/COSMOSWeb_mastercatalog_v1.1_bulgedisk.fits,HDU 1 [B+D],flux_err_model_disk_hsc-g,D,1,bulge_disk,flux_err_model_disk_hsc_g,double precision,source_native
master_catalog,/mnt/nvme01/cosmos-web-dr1-catalog/COSMOSWeb_mastercatalog_v1.1_bulgedisk.fits,HDU 1 [B+D],flux_err_model_disk_hsc-r,D,1,bulge_disk,flux_err_model_disk_hsc_r,double precision,source_native
master_catalog,/mnt/nvme01/cosmos-web-dr1-catalog/COSMOSWeb_mastercatalog_v1.1_bulgedisk.fits,HDU 1 [B+D],flux_err_model_disk_hsc-i,D,1,bulge_disk,flux_err_model_disk_hsc_i,double precision,source_native
master_catalog,/mnt/nvme01/cosmos-web-dr1-catalog/COSMOSWeb_mastercatalog_v1.1_bulgedisk.fits,HDU 1 [B+D],flux_err_model_disk_hsc-z,D,1,bulge_disk,flux_err_model_disk_hsc_z,double precision,source_native
master_catalog,/mnt/nvme01/cosmos-web-dr1-catalog/COSMOSWeb_mastercatalog_v1.1_bulgedisk.fits,HDU 1 [B+D],flux_err_model_disk_hsc-y,D,1,bulge_disk,flux_err_model_disk_hsc_y,double precision,source_native
master_catalog,/mnt/nvme01/cosmos-web-dr1-catalog/COSMOSWeb_mastercatalog_v1.1_bulgedisk.fits,HDU 1 [B+D],flux_err_model_disk_hsc-nb0816,D,1,bulge_disk,flux_err_model_disk_hsc_nb0816,double precision,source_native
master_catalog,/mnt/nvme01/cosmos-web-dr1-catalog/COSMOSWeb_mastercatalog_v1.1_bulgedisk.fits,HDU 1 [B+D],flux_err_model_disk_hsc-nb0921,D,1,bulge_disk,flux_err_model_disk_hsc_nb0921,double precision,source_native
master_catalog,/mnt/nvme01/cosmos-web-dr1-catalog/COSMOSWeb_mastercatalog_v1.1_bulgedisk.fits,HDU 1 [B+D],flux_err_model_disk_hsc-nb1010,D,1,bulge_disk,flux_err_model_disk_hsc_nb1010,double precision,source_native
master_catalog,/mnt/nvme01/cosmos-web-dr1-catalog/COSMOSWeb_mastercatalog_v1.1_bulgedisk.fits,HDU 1 [B+D],flux_err_model_disk_uvista-y,D,1,bulge_disk,flux_err_model_disk_uvista_y,double precision,source_native
master_catalog,/mnt/nvme01/cosmos-web-dr1-catalog/COSMOSWeb_mastercatalog_v1.1_bulgedisk.fits,HDU 1 [B+D],flux_err_model_disk_uvista-j,D,1,bulge_disk,flux_err_model_disk_uvista_j,double precision,source_native
master_catalog,/mnt/nvme01/cosmos-web-dr1-catalog/COSMOSWeb_mastercatalog_v1.1_bulgedisk.fits,HDU 1 [B+D],flux_err_model_disk_uvista-h,D,1,bulge_disk,flux_err_model_disk_uvista_h,double precision,source_native
master_catalog,/mnt/nvme01/cosmos-web-dr1-catalog/COSMOSWeb_mastercatalog_v1.1_bulgedisk.fits,HDU 1 [B+D],flux_err_model_disk_uvista-ks,D,1,bulge_disk,flux_err_model_disk_uvista_ks,double precision,source_native
master_catalog,/mnt/nvme01/cosmos-web-dr1-catalog/COSMOSWeb_mastercatalog_v1.1_bulgedisk.fits,HDU 1 [B+D],flux_err_model_disk_sc-ia484,D,1,bulge_disk,flux_err_model_disk_sc_ia484,double precision,source_native
master_catalog,/mnt/nvme01/cosmos-web-dr1-catalog/COSMOSWeb_mastercatalog_v1.1_bulgedisk.fits,HDU 1 [B+D],flux_err_model_disk_sc-ia527,D,1,bulge_disk,flux_err_model_disk_sc_ia527,double precision,source_native
master_catalog,/mnt/nvme01/cosmos-web-dr1-catalog/COSMOSWeb_mastercatalog_v1.1_bulgedisk.fits,HDU 1 [B+D],flux_err_model_disk_sc-ia624,D,1,bulge_disk,flux_err_model_disk_sc_ia624,double precision,source_native
master_catalog,/mnt/nvme01/cosmos-web-dr1-catalog/COSMOSWeb_mastercatalog_v1.1_bulgedisk.fits,HDU 1 [B+D],flux_err_model_disk_sc-ia679,D,1,bulge_disk,flux_err_model_disk_sc_ia679,double precision,source_native
master_catalog,/mnt/nvme01/cosmos-web-dr1-catalog/COSMOSWeb_mastercatalog_v1.1_bulgedisk.fits,HDU 1 [B+D],flux_err_model_disk_sc-ia738,D,1,bulge_disk,flux_err_model_disk_sc_ia738,double precision,source_native
master_catalog,/mnt/nvme01/cosmos-web-dr1-catalog/COSMOSWeb_mastercatalog_v1.1_bulgedisk.fits,HDU 1 [B+D],flux_err_model_disk_sc-ia767,D,1,bulge_disk,flux_err_model_disk_sc_ia767,double precision,source_native
master_catalog,/mnt/nvme01/cosmos-web-dr1-catalog/COSMOSWeb_mastercatalog_v1.1_bulgedisk.fits,HDU 1 [B+D],flux_err_model_disk_sc-ib427,D,1,bulge_disk,flux_err_model_disk_sc_ib427,double precision,source_native
master_catalog,/mnt/nvme01/cosmos-web-dr1-catalog/COSMOSWeb_mastercatalog_v1.1_bulgedisk.fits,HDU 1 [B+D],flux_err_model_disk_sc-ib505,D,1,bulge_disk,flux_err_model_disk_sc_ib505,double precision,source_native
master_catalog,/mnt/nvme01/cosmos-web-dr1-catalog/COSMOSWeb_mastercatalog_v1.1_bulgedisk.fits,HDU 1 [B+D],flux_err_model_disk_sc-ib574,D,1,bulge_disk,flux_err_model_disk_sc_ib574,double precision,source_native
master_catalog,/mnt/nvme01/cosmos-web-dr1-catalog/COSMOSWeb_mastercatalog_v1.1_bulgedisk.fits,HDU 1 [B+D],flux_err_model_disk_sc-ib709,D,1,bulge_disk,flux_err_model_disk_sc_ib709,double precision,source_native
master_catalog,/mnt/nvme01/cosmos-web-dr1-catalog/COSMOSWeb_mastercatalog_v1.1_bulgedisk.fits,HDU 1 [B+D],flux_err_model_disk_sc-ib827,D,1,bulge_disk,flux_err_model_disk_sc_ib827,double precision,source_native
master_catalog,/mnt/nvme01/cosmos-web-dr1-catalog/COSMOSWeb_mastercatalog_v1.1_bulgedisk.fits,HDU 1 [B+D],flux_err_model_disk_sc-nb711,D,1,bulge_disk,flux_err_model_disk_sc_nb711,double precision,source_native
master_catalog,/mnt/nvme01/cosmos-web-dr1-catalog/COSMOSWeb_mastercatalog_v1.1_bulgedisk.fits,HDU 1 [B+D],flux_err_model_disk_sc-nb816,D,1,bulge_disk,flux_err_model_disk_sc_nb816,double precision,source_native
master_catalog,/mnt/nvme01/cosmos-web-dr1-catalog/COSMOSWeb_mastercatalog_v1.1_bulgedisk.fits,HDU 1 [B+D],b/t_hst-f814w,D,1,bulge_disk,b_t_hst_f814w,double precision,source_native
master_catalog,/mnt/nvme01/cosmos-web-dr1-catalog/COSMOSWeb_mastercatalog_v1.1_bulgedisk.fits,HDU 1 [B+D],b/t_f770w,D,1,bulge_disk,b_t_f770w,double precision,source_native
master_catalog,/mnt/nvme01/cosmos-web-dr1-catalog/COSMOSWeb_mastercatalog_v1.1_bulgedisk.fits,HDU 1 [B+D],b/t_cfht-u,D,1,bulge_disk,b_t_cfht_u,double precision,source_native
master_catalog,/mnt/nvme01/cosmos-web-dr1-catalog/COSMOSWeb_mastercatalog_v1.1_bulgedisk.fits,HDU 1 [B+D],b/t_hsc-g,D,1,bulge_disk,b_t_hsc_g,double precision,source_native
master_catalog,/mnt/nvme01/cosmos-web-dr1-catalog/COSMOSWeb_mastercatalog_v1.1_bulgedisk.fits,HDU 1 [B+D],b/t_hsc-r,D,1,bulge_disk,b_t_hsc_r,double precision,source_native
master_catalog,/mnt/nvme01/cosmos-web-dr1-catalog/COSMOSWeb_mastercatalog_v1.1_bulgedisk.fits,HDU 1 [B+D],b/t_hsc-i,D,1,bulge_disk,b_t_hsc_i,double precision,source_native
master_catalog,/mnt/nvme01/cosmos-web-dr1-catalog/COSMOSWeb_mastercatalog_v1.1_bulgedisk.fits,HDU 1 [B+D],b/t_hsc-z,D,1,bulge_disk,b_t_hsc_z,double precision,source_native
master_catalog,/mnt/nvme01/cosmos-web-dr1-catalog/COSMOSWeb_mastercatalog_v1.1_bulgedisk.fits,HDU 1 [B+D],b/t_hsc-y,D,1,bulge_disk,b_t_hsc_y,double precision,source_native
master_catalog,/mnt/nvme01/cosmos-web-dr1-catalog/COSMOSWeb_mastercatalog_v1.1_bulgedisk.fits,HDU 1 [B+D],b/t_hsc-nb0816,D,1,bulge_disk,b_t_hsc_nb0816,double precision,source_native
master_catalog,/mnt/nvme01/cosmos-web-dr1-catalog/COSMOSWeb_mastercatalog_v1.1_bulgedisk.fits,HDU 1 [B+D],b/t_hsc-nb0921,D,1,bulge_disk,b_t_hsc_nb0921,double precision,source_native
master_catalog,/mnt/nvme01/cosmos-web-dr1-catalog/COSMOSWeb_mastercatalog_v1.1_bulgedisk.fits,HDU 1 [B+D],b/t_hsc-nb1010,D,1,bulge_disk,b_t_hsc_nb1010,double precision,source_native
master_catalog,/mnt/nvme01/cosmos-web-dr1-catalog/COSMOSWeb_mastercatalog_v1.1_bulgedisk.fits,HDU 1 [B+D],b/t_uvista-y,D,1,bulge_disk,b_t_uvista_y,double precision,source_native
master_catalog,/mnt/nvme01/cosmos-web-dr1-catalog/COSMOSWeb_mastercatalog_v1.1_bulgedisk.fits,HDU 1 [B+D],b/t_uvista-j,D,1,bulge_disk,b_t_uvista_j,double precision,source_native
master_catalog,/mnt/nvme01/cosmos-web-dr1-catalog/COSMOSWeb_mastercatalog_v1.1_bulgedisk.fits,HDU 1 [B+D],b/t_uvista-h,D,1,bulge_disk,b_t_uvista_h,double precision,source_native
master_catalog,/mnt/nvme01/cosmos-web-dr1-catalog/COSMOSWeb_mastercatalog_v1.1_bulgedisk.fits,HDU 1 [B+D],b/t_uvista-ks,D,1,bulge_disk,b_t_uvista_ks,double precision,source_native
master_catalog,/mnt/nvme01/cosmos-web-dr1-catalog/COSMOSWeb_mastercatalog_v1.1_bulgedisk.fits,HDU 1 [B+D],b/t_sc-ia484,D,1,bulge_disk,b_t_sc_ia484,double precision,source_native
master_catalog,/mnt/nvme01/cosmos-web-dr1-catalog/COSMOSWeb_mastercatalog_v1.1_bulgedisk.fits,HDU 1 [B+D],b/t_sc-ia527,D,1,bulge_disk,b_t_sc_ia527,double precision,source_native
master_catalog,/mnt/nvme01/cosmos-web-dr1-catalog/COSMOSWeb_mastercatalog_v1.1_bulgedisk.fits,HDU 1 [B+D],b/t_sc-ia624,D,1,bulge_disk,b_t_sc_ia624,double precision,source_native
master_catalog,/mnt/nvme01/cosmos-web-dr1-catalog/COSMOSWeb_mastercatalog_v1.1_bulgedisk.fits,HDU 1 [B+D],b/t_sc-ia679,D,1,bulge_disk,b_t_sc_ia679,double precision,source_native
master_catalog,/mnt/nvme01/cosmos-web-dr1-catalog/COSMOSWeb_mastercatalog_v1.1_bulgedisk.fits,HDU 1 [B+D],b/t_sc-ia738,D,1,bulge_disk,b_t_sc_ia738,double precision,source_native
master_catalog,/mnt/nvme01/cosmos-web-dr1-catalog/COSMOSWeb_mastercatalog_v1.1_bulgedisk.fits,HDU 1 [B+D],b/t_sc-ia767,D,1,bulge_disk,b_t_sc_ia767,double precision,source_native
master_catalog,/mnt/nvme01/cosmos-web-dr1-catalog/COSMOSWeb_mastercatalog_v1.1_bulgedisk.fits,HDU 1 [B+D],b/t_sc-ib427,D,1,bulge_disk,b_t_sc_ib427,double precision,source_native
master_catalog,/mnt/nvme01/cosmos-web-dr1-catalog/COSMOSWeb_mastercatalog_v1.1_bulgedisk.fits,HDU 1 [B+D],b/t_sc-ib505,D,1,bulge_disk,b_t_sc_ib505,double precision,source_native
master_catalog,/mnt/nvme01/cosmos-web-dr1-catalog/COSMOSWeb_mastercatalog_v1.1_bulgedisk.fits,HDU 1 [B+D],b/t_sc-ib574,D,1,bulge_disk,b_t_sc_ib574,double precision,source_native
master_catalog,/mnt/nvme01/cosmos-web-dr1-catalog/COSMOSWeb_mastercatalog_v1.1_bulgedisk.fits,HDU 1 [B+D],b/t_sc-ib709,D,1,bulge_disk,b_t_sc_ib709,double precision,source_native
master_catalog,/mnt/nvme01/cosmos-web-dr1-catalog/COSMOSWeb_mastercatalog_v1.1_bulgedisk.fits,HDU 1 [B+D],b/t_sc-ib827,D,1,bulge_disk,b_t_sc_ib827,double precision,source_native
master_catalog,/mnt/nvme01/cosmos-web-dr1-catalog/COSMOSWeb_mastercatalog_v1.1_bulgedisk.fits,HDU 1 [B+D],b/t_sc-nb711,D,1,bulge_disk,b_t_sc_nb711,double precision,source_native
master_catalog,/mnt/nvme01/cosmos-web-dr1-catalog/COSMOSWeb_mastercatalog_v1.1_bulgedisk.fits,HDU 1 [B+D],b/t_sc-nb816,D,1,bulge_disk,b_t_sc_nb816,double precision,source_native
master_catalog,/mnt/nvme01/cosmos-web-dr1-catalog/COSMOSWeb_mastercatalog_v1.1_bulgedisk.fits,HDU 1 [B+D],b/t_err_hst-f814w,D,1,bulge_disk,b_t_err_hst_f814w,double precision,source_native
master_catalog,/mnt/nvme01/cosmos-web-dr1-catalog/COSMOSWeb_mastercatalog_v1.1_bulgedisk.fits,HDU 1 [B+D],b/t_err_f770w,D,1,bulge_disk,b_t_err_f770w,double precision,source_native
master_catalog,/mnt/nvme01/cosmos-web-dr1-catalog/COSMOSWeb_mastercatalog_v1.1_bulgedisk.fits,HDU 1 [B+D],b/t_err_cfht-u,D,1,bulge_disk,b_t_err_cfht_u,double precision,source_native
master_catalog,/mnt/nvme01/cosmos-web-dr1-catalog/COSMOSWeb_mastercatalog_v1.1_bulgedisk.fits,HDU 1 [B+D],b/t_err_hsc-g,D,1,bulge_disk,b_t_err_hsc_g,double precision,source_native
master_catalog,/mnt/nvme01/cosmos-web-dr1-catalog/COSMOSWeb_mastercatalog_v1.1_bulgedisk.fits,HDU 1 [B+D],b/t_err_hsc-r,D,1,bulge_disk,b_t_err_hsc_r,double precision,source_native
master_catalog,/mnt/nvme01/cosmos-web-dr1-catalog/COSMOSWeb_mastercatalog_v1.1_bulgedisk.fits,HDU 1 [B+D],b/t_err_hsc-i,D,1,bulge_disk,b_t_err_hsc_i,double precision,source_native
master_catalog,/mnt/nvme01/cosmos-web-dr1-catalog/COSMOSWeb_mastercatalog_v1.1_bulgedisk.fits,HDU 1 [B+D],b/t_err_hsc-z,D,1,bulge_disk,b_t_err_hsc_z,double precision,source_native
master_catalog,/mnt/nvme01/cosmos-web-dr1-catalog/COSMOSWeb_mastercatalog_v1.1_bulgedisk.fits,HDU 1 [B+D],b/t_err_hsc-y,D,1,bulge_disk,b_t_err_hsc_y,double precision,source_native
master_catalog,/mnt/nvme01/cosmos-web-dr1-catalog/COSMOSWeb_mastercatalog_v1.1_bulgedisk.fits,HDU 1 [B+D],b/t_err_hsc-nb0816,D,1,bulge_disk,b_t_err_hsc_nb0816,double precision,source_native
master_catalog,/mnt/nvme01/cosmos-web-dr1-catalog/COSMOSWeb_mastercatalog_v1.1_bulgedisk.fits,HDU 1 [B+D],b/t_err_hsc-nb0921,D,1,bulge_disk,b_t_err_hsc_nb0921,double precision,source_native
master_catalog,/mnt/nvme01/cosmos-web-dr1-catalog/COSMOSWeb_mastercatalog_v1.1_bulgedisk.fits,HDU 1 [B+D],b/t_err_hsc-nb1010,D,1,bulge_disk,b_t_err_hsc_nb1010,double precision,source_native
master_catalog,/mnt/nvme01/cosmos-web-dr1-catalog/COSMOSWeb_mastercatalog_v1.1_bulgedisk.fits,HDU 1 [B+D],b/t_err_uvista-y,D,1,bulge_disk,b_t_err_uvista_y,double precision,source_native
master_catalog,/mnt/nvme01/cosmos-web-dr1-catalog/COSMOSWeb_mastercatalog_v1.1_bulgedisk.fits,HDU 1 [B+D],b/t_err_uvista-j,D,1,bulge_disk,b_t_err_uvista_j,double precision,source_native
master_catalog,/mnt/nvme01/cosmos-web-dr1-catalog/COSMOSWeb_mastercatalog_v1.1_bulgedisk.fits,HDU 1 [B+D],b/t_err_uvista-h,D,1,bulge_disk,b_t_err_uvista_h,double precision,source_native
master_catalog,/mnt/nvme01/cosmos-web-dr1-catalog/COSMOSWeb_mastercatalog_v1.1_bulgedisk.fits,HDU 1 [B+D],b/t_err_uvista-ks,D,1,bulge_disk,b_t_err_uvista_ks,double precision,source_native
master_catalog,/mnt/nvme01/cosmos-web-dr1-catalog/COSMOSWeb_mastercatalog_v1.1_bulgedisk.fits,HDU 1 [B+D],b/t_err_sc-ia484,D,1,bulge_disk,b_t_err_sc_ia484,double precision,source_native
master_catalog,/mnt/nvme01/cosmos-web-dr1-catalog/COSMOSWeb_mastercatalog_v1.1_bulgedisk.fits,HDU 1 [B+D],b/t_err_sc-ia527,D,1,bulge_disk,b_t_err_sc_ia527,double precision,source_native
master_catalog,/mnt/nvme01/cosmos-web-dr1-catalog/COSMOSWeb_mastercatalog_v1.1_bulgedisk.fits,HDU 1 [B+D],b/t_err_sc-ia624,D,1,bulge_disk,b_t_err_sc_ia624,double precision,source_native
master_catalog,/mnt/nvme01/cosmos-web-dr1-catalog/COSMOSWeb_mastercatalog_v1.1_bulgedisk.fits,HDU 1 [B+D],b/t_err_sc-ia679,D,1,bulge_disk,b_t_err_sc_ia679,double precision,source_native
master_catalog,/mnt/nvme01/cosmos-web-dr1-catalog/COSMOSWeb_mastercatalog_v1.1_bulgedisk.fits,HDU 1 [B+D],b/t_err_sc-ia738,D,1,bulge_disk,b_t_err_sc_ia738,double precision,source_native
master_catalog,/mnt/nvme01/cosmos-web-dr1-catalog/COSMOSWeb_mastercatalog_v1.1_bulgedisk.fits,HDU 1 [B+D],b/t_err_sc-ia767,D,1,bulge_disk,b_t_err_sc_ia767,double precision,source_native
master_catalog,/mnt/nvme01/cosmos-web-dr1-catalog/COSMOSWeb_mastercatalog_v1.1_bulgedisk.fits,HDU 1 [B+D],b/t_err_sc-ib427,D,1,bulge_disk,b_t_err_sc_ib427,double precision,source_native
master_catalog,/mnt/nvme01/cosmos-web-dr1-catalog/COSMOSWeb_mastercatalog_v1.1_bulgedisk.fits,HDU 1 [B+D],b/t_err_sc-ib505,D,1,bulge_disk,b_t_err_sc_ib505,double precision,source_native
master_catalog,/mnt/nvme01/cosmos-web-dr1-catalog/COSMOSWeb_mastercatalog_v1.1_bulgedisk.fits,HDU 1 [B+D],b/t_err_sc-ib574,D,1,bulge_disk,b_t_err_sc_ib574,double precision,source_native
master_catalog,/mnt/nvme01/cosmos-web-dr1-catalog/COSMOSWeb_mastercatalog_v1.1_bulgedisk.fits,HDU 1 [B+D],b/t_err_sc-ib709,D,1,bulge_disk,b_t_err_sc_ib709,double precision,source_native
master_catalog,/mnt/nvme01/cosmos-web-dr1-catalog/COSMOSWeb_mastercatalog_v1.1_bulgedisk.fits,HDU 1 [B+D],b/t_err_sc-ib827,D,1,bulge_disk,b_t_err_sc_ib827,double precision,source_native
master_catalog,/mnt/nvme01/cosmos-web-dr1-catalog/COSMOSWeb_mastercatalog_v1.1_bulgedisk.fits,HDU 1 [B+D],b/t_err_sc-nb711,D,1,bulge_disk,b_t_err_sc_nb711,double precision,source_native
master_catalog,/mnt/nvme01/cosmos-web-dr1-catalog/COSMOSWeb_mastercatalog_v1.1_bulgedisk.fits,HDU 1 [B+D],b/t_err_sc-nb816,D,1,bulge_disk,b_t_err_sc_nb816,double precision,source_native
master_catalog,/mnt/nvme01/cosmos-web-dr1-catalog/COSMOSWeb_mastercatalog_v1.1_galight_morph.fits,HDU 1 [GALIGHT-MORPHO],rearc_f115w_sersic,D,1,galight_morph,rearc_f115w_sersic,double precision,source_native
master_catalog,/mnt/nvme01/cosmos-web-dr1-catalog/COSMOSWeb_mastercatalog_v1.1_galight_morph.fits,HDU 1 [GALIGHT-MORPHO],nsersic_f115w_sersic,D,1,galight_morph,nsersic_f115w_sersic,double precision,source_native
master_catalog,/mnt/nvme01/cosmos-web-dr1-catalog/COSMOSWeb_mastercatalog_v1.1_galight_morph.fits,HDU 1 [GALIGHT-MORPHO],phi_f115w_sersic,D,1,galight_morph,phi_f115w_sersic,double precision,source_native
master_catalog,/mnt/nvme01/cosmos-web-dr1-catalog/COSMOSWeb_mastercatalog_v1.1_galight_morph.fits,HDU 1 [GALIGHT-MORPHO],qratio_f115w_sersic,D,1,galight_morph,qratio_f115w_sersic,double precision,source_native
master_catalog,/mnt/nvme01/cosmos-web-dr1-catalog/COSMOSWeb_mastercatalog_v1.1_galight_morph.fits,HDU 1 [GALIGHT-MORPHO],mag_f115w_sersic,D,1,galight_morph,mag_f115w_sersic,double precision,source_native
master_catalog,/mnt/nvme01/cosmos-web-dr1-catalog/COSMOSWeb_mastercatalog_v1.1_galight_morph.fits,HDU 1 [GALIGHT-MORPHO],rearc_f115w_sersic_err,D,1,galight_morph,rearc_f115w_sersic_err,double precision,source_native
master_catalog,/mnt/nvme01/cosmos-web-dr1-catalog/COSMOSWeb_mastercatalog_v1.1_galight_morph.fits,HDU 1 [GALIGHT-MORPHO],nsersic_f115w_sersic_err,D,1,galight_morph,nsersic_f115w_sersic_err,double precision,source_native
master_catalog,/mnt/nvme01/cosmos-web-dr1-catalog/COSMOSWeb_mastercatalog_v1.1_galight_morph.fits,HDU 1 [GALIGHT-MORPHO],qratio_f115w_sersic_err,D,1,galight_morph,qratio_f115w_sersic_err,double precision,source_native
master_catalog,/mnt/nvme01/cosmos-web-dr1-catalog/COSMOSWeb_mastercatalog_v1.1_galight_morph.fits,HDU 1 [GALIGHT-MORPHO],phi_f115w_sersic_err,D,1,galight_morph,phi_f115w_sersic_err,double precision,source_native
master_catalog,/mnt/nvme01/cosmos-web-dr1-catalog/COSMOSWeb_mastercatalog_v1.1_galight_morph.fits,HDU 1 [GALIGHT-MORPHO],mag_f115w_sersic_err,D,1,galight_morph,mag_f115w_sersic_err,double precision,source_native
master_catalog,/mnt/nvme01/cosmos-web-dr1-catalog/COSMOSWeb_mastercatalog_v1.1_galight_morph.fits,HDU 1 [GALIGHT-MORPHO],rearc_bulge_f115w_bd,D,1,galight_morph,rearc_bulge_f115w_bd,double precision,source_native
master_catalog,/mnt/nvme01/cosmos-web-dr1-catalog/COSMOSWeb_mastercatalog_v1.1_galight_morph.fits,HDU 1 [GALIGHT-MORPHO],nsersic_bulge_f115w_bd,D,1,galight_morph,nsersic_bulge_f115w_bd,double precision,source_native
master_catalog,/mnt/nvme01/cosmos-web-dr1-catalog/COSMOSWeb_mastercatalog_v1.1_galight_morph.fits,HDU 1 [GALIGHT-MORPHO],phi_bulge_f115w_bd,D,1,galight_morph,phi_bulge_f115w_bd,double precision,source_native
master_catalog,/mnt/nvme01/cosmos-web-dr1-catalog/COSMOSWeb_mastercatalog_v1.1_galight_morph.fits,HDU 1 [GALIGHT-MORPHO],qratio_bulge_f115w_bd,D,1,galight_morph,qratio_bulge_f115w_bd,double precision,source_native
master_catalog,/mnt/nvme01/cosmos-web-dr1-catalog/COSMOSWeb_mastercatalog_v1.1_galight_morph.fits,HDU 1 [GALIGHT-MORPHO],mag_bulge_f115w_bd,D,1,galight_morph,mag_bulge_f115w_bd,double precision,source_native
master_catalog,/mnt/nvme01/cosmos-web-dr1-catalog/COSMOSWeb_mastercatalog_v1.1_galight_morph.fits,HDU 1 [GALIGHT-MORPHO],rearc_disk_f115w_bd,D,1,galight_morph,rearc_disk_f115w_bd,double precision,source_native
master_catalog,/mnt/nvme01/cosmos-web-dr1-catalog/COSMOSWeb_mastercatalog_v1.1_galight_morph.fits,HDU 1 [GALIGHT-MORPHO],nsersic_disk_f115w_bd,D,1,galight_morph,nsersic_disk_f115w_bd,double precision,source_native
master_catalog,/mnt/nvme01/cosmos-web-dr1-catalog/COSMOSWeb_mastercatalog_v1.1_galight_morph.fits,HDU 1 [GALIGHT-MORPHO],phi_disk_f115w_bd,D,1,galight_morph,phi_disk_f115w_bd,double precision,source_native
master_catalog,/mnt/nvme01/cosmos-web-dr1-catalog/COSMOSWeb_mastercatalog_v1.1_galight_morph.fits,HDU 1 [GALIGHT-MORPHO],qratio_disk_f115w_bd,D,1,galight_morph,qratio_disk_f115w_bd,double precision,source_native
master_catalog,/mnt/nvme01/cosmos-web-dr1-catalog/COSMOSWeb_mastercatalog_v1.1_galight_morph.fits,HDU 1 [GALIGHT-MORPHO],mag_disk_f115w_bd,D,1,galight_morph,mag_disk_f115w_bd,double precision,source_native
master_catalog,/mnt/nvme01/cosmos-web-dr1-catalog/COSMOSWeb_mastercatalog_v1.1_galight_morph.fits,HDU 1 [GALIGHT-MORPHO],rearc_bulge_f115w_bd_err,D,1,galight_morph,rearc_bulge_f115w_bd_err,double precision,source_native
master_catalog,/mnt/nvme01/cosmos-web-dr1-catalog/COSMOSWeb_mastercatalog_v1.1_galight_morph.fits,HDU 1 [GALIGHT-MORPHO],mag_bulge_f115w_bd_err,D,1,galight_morph,mag_bulge_f115w_bd_err,double precision,source_native
master_catalog,/mnt/nvme01/cosmos-web-dr1-catalog/COSMOSWeb_mastercatalog_v1.1_galight_morph.fits,HDU 1 [GALIGHT-MORPHO],qratio_bulge_f115w_bd_err,D,1,galight_morph,qratio_bulge_f115w_bd_err,double precision,source_native
master_catalog,/mnt/nvme01/cosmos-web-dr1-catalog/COSMOSWeb_mastercatalog_v1.1_galight_morph.fits,HDU 1 [GALIGHT-MORPHO],phi_bulge_f115w_bd_err,D,1,galight_morph,phi_bulge_f115w_bd_err,double precision,source_native
master_catalog,/mnt/nvme01/cosmos-web-dr1-catalog/COSMOSWeb_mastercatalog_v1.1_galight_morph.fits,HDU 1 [GALIGHT-MORPHO],rearc_disk_f115w_bd_err,D,1,galight_morph,rearc_disk_f115w_bd_err,double precision,source_native
master_catalog,/mnt/nvme01/cosmos-web-dr1-catalog/COSMOSWeb_mastercatalog_v1.1_galight_morph.fits,HDU 1 [GALIGHT-MORPHO],mag_disk_f115w_bd_err,D,1,galight_morph,mag_disk_f115w_bd_err,double precision,source_native
master_catalog,/mnt/nvme01/cosmos-web-dr1-catalog/COSMOSWeb_mastercatalog_v1.1_galight_morph.fits,HDU 1 [GALIGHT-MORPHO],qratio_disk_f115w_bd_err,D,1,galight_morph,qratio_disk_f115w_bd_err,double precision,source_native
master_catalog,/mnt/nvme01/cosmos-web-dr1-catalog/COSMOSWeb_mastercatalog_v1.1_galight_morph.fits,HDU 1 [GALIGHT-MORPHO],phi_disk_f115w_bd_err,D,1,galight_morph,phi_disk_f115w_bd_err,double precision,source_native
master_catalog,/mnt/nvme01/cosmos-web-dr1-catalog/COSMOSWeb_mastercatalog_v1.1_galight_morph.fits,HDU 1 [GALIGHT-MORPHO],rearc_host_f115w_ps,D,1,galight_morph,rearc_host_f115w_ps,double precision,source_native
master_catalog,/mnt/nvme01/cosmos-web-dr1-catalog/COSMOSWeb_mastercatalog_v1.1_galight_morph.fits,HDU 1 [GALIGHT-MORPHO],nsersic_host_f115w_ps,D,1,galight_morph,nsersic_host_f115w_ps,double precision,source_native
master_catalog,/mnt/nvme01/cosmos-web-dr1-catalog/COSMOSWeb_mastercatalog_v1.1_galight_morph.fits,HDU 1 [GALIGHT-MORPHO],phi_host_f115w_ps,D,1,galight_morph,phi_host_f115w_ps,double precision,source_native
master_catalog,/mnt/nvme01/cosmos-web-dr1-catalog/COSMOSWeb_mastercatalog_v1.1_galight_morph.fits,HDU 1 [GALIGHT-MORPHO],qratio_host_f115w_ps,D,1,galight_morph,qratio_host_f115w_ps,double precision,source_native
master_catalog,/mnt/nvme01/cosmos-web-dr1-catalog/COSMOSWeb_mastercatalog_v1.1_galight_morph.fits,HDU 1 [GALIGHT-MORPHO],mag_host_f115w_ps,D,1,galight_morph,mag_host_f115w_ps,double precision,source_native
master_catalog,/mnt/nvme01/cosmos-web-dr1-catalog/COSMOSWeb_mastercatalog_v1.1_galight_morph.fits,HDU 1 [GALIGHT-MORPHO],p2t_flux_ratio_f115w_ps,D,1,galight_morph,p2t_flux_ratio_f115w_ps,double precision,source_native
master_catalog,/mnt/nvme01/cosmos-web-dr1-catalog/COSMOSWeb_mastercatalog_v1.1_galight_morph.fits,HDU 1 [GALIGHT-MORPHO],nsersic_host_f115w_ps_err,D,1,galight_morph,nsersic_host_f115w_ps_err,double precision,source_native
master_catalog,/mnt/nvme01/cosmos-web-dr1-catalog/COSMOSWeb_mastercatalog_v1.1_galight_morph.fits,HDU 1 [GALIGHT-MORPHO],rearc_host_f115w_ps_err,D,1,galight_morph,rearc_host_f115w_ps_err,double precision,source_native
master_catalog,/mnt/nvme01/cosmos-web-dr1-catalog/COSMOSWeb_mastercatalog_v1.1_galight_morph.fits,HDU 1 [GALIGHT-MORPHO],mag_host_f115w_ps_err,D,1,galight_morph,mag_host_f115w_ps_err,double precision,source_native
master_catalog,/mnt/nvme01/cosmos-web-dr1-catalog/COSMOSWeb_mastercatalog_v1.1_galight_morph.fits,HDU 1 [GALIGHT-MORPHO],qratio_host_f115w_ps_err,D,1,galight_morph,qratio_host_f115w_ps_err,double precision,source_native
master_catalog,/mnt/nvme01/cosmos-web-dr1-catalog/COSMOSWeb_mastercatalog_v1.1_galight_morph.fits,HDU 1 [GALIGHT-MORPHO],phi_host_f115w_ps_err,D,1,galight_morph,phi_host_f115w_ps_err,double precision,source_native
master_catalog,/mnt/nvme01/cosmos-web-dr1-catalog/COSMOSWeb_mastercatalog_v1.1_galight_morph.fits,HDU 1 [GALIGHT-MORPHO],bic_f115w_sersic,D,1,galight_morph,bic_f115w_sersic,double precision,source_native
master_catalog,/mnt/nvme01/cosmos-web-dr1-catalog/COSMOSWeb_mastercatalog_v1.1_galight_morph.fits,HDU 1 [GALIGHT-MORPHO],reduced_Chisq_f115w_sersic,D,1,galight_morph,reduced_chisq_f115w_sersic,double precision,source_native
master_catalog,/mnt/nvme01/cosmos-web-dr1-catalog/COSMOSWeb_mastercatalog_v1.1_galight_morph.fits,HDU 1 [GALIGHT-MORPHO],bic_list_f115w_bd,D,1,galight_morph,bic_list_f115w_bd,double precision,source_native
master_catalog,/mnt/nvme01/cosmos-web-dr1-catalog/COSMOSWeb_mastercatalog_v1.1_galight_morph.fits,HDU 1 [GALIGHT-MORPHO],reduced_Chisq_list_f115w_bd,D,1,galight_morph,reduced_chisq_list_f115w_bd,double precision,source_native
master_catalog,/mnt/nvme01/cosmos-web-dr1-catalog/COSMOSWeb_mastercatalog_v1.1_galight_morph.fits,HDU 1 [GALIGHT-MORPHO],bic_list_f115w_ps,D,1,galight_morph,bic_list_f115w_ps,double precision,source_native
master_catalog,/mnt/nvme01/cosmos-web-dr1-catalog/COSMOSWeb_mastercatalog_v1.1_galight_morph.fits,HDU 1 [GALIGHT-MORPHO],reduced_Chisq_list_f115w_ps,D,1,galight_morph,reduced_chisq_list_f115w_ps,double precision,source_native
master_catalog,/mnt/nvme01/cosmos-web-dr1-catalog/COSMOSWeb_mastercatalog_v1.1_galight_morph.fits,HDU 1 [GALIGHT-MORPHO],asymmetry_f115w,D,1,galight_morph,asymmetry_f115w,double precision,source_native
master_catalog,/mnt/nvme01/cosmos-web-dr1-catalog/COSMOSWeb_mastercatalog_v1.1_galight_morph.fits,HDU 1 [GALIGHT-MORPHO],smoothness_f115w,D,1,galight_morph,smoothness_f115w,double precision,source_native
master_catalog,/mnt/nvme01/cosmos-web-dr1-catalog/COSMOSWeb_mastercatalog_v1.1_galight_morph.fits,HDU 1 [GALIGHT-MORPHO],concentration_f115w,D,1,galight_morph,concentration_f115w,double precision,source_native
master_catalog,/mnt/nvme01/cosmos-web-dr1-catalog/COSMOSWeb_mastercatalog_v1.1_galight_morph.fits,HDU 1 [GALIGHT-MORPHO],gini_f115w,D,1,galight_morph,gini_f115w,double precision,source_native
master_catalog,/mnt/nvme01/cosmos-web-dr1-catalog/COSMOSWeb_mastercatalog_v1.1_galight_morph.fits,HDU 1 [GALIGHT-MORPHO],m20_f115w,D,1,galight_morph,m20_f115w,double precision,source_native
master_catalog,/mnt/nvme01/cosmos-web-dr1-catalog/COSMOSWeb_mastercatalog_v1.1_galight_morph.fits,HDU 1 [GALIGHT-MORPHO],cas_flag_f115w,D,1,galight_morph,cas_flag_f115w,double precision,source_native
master_catalog,/mnt/nvme01/cosmos-web-dr1-catalog/COSMOSWeb_mastercatalog_v1.1_galight_morph.fits,HDU 1 [GALIGHT-MORPHO],rearc_f150w_sersic,D,1,galight_morph,rearc_f150w_sersic,double precision,source_native
master_catalog,/mnt/nvme01/cosmos-web-dr1-catalog/COSMOSWeb_mastercatalog_v1.1_galight_morph.fits,HDU 1 [GALIGHT-MORPHO],nsersic_f150w_sersic,D,1,galight_morph,nsersic_f150w_sersic,double precision,source_native
master_catalog,/mnt/nvme01/cosmos-web-dr1-catalog/COSMOSWeb_mastercatalog_v1.1_galight_morph.fits,HDU 1 [GALIGHT-MORPHO],phi_f150w_sersic,D,1,galight_morph,phi_f150w_sersic,double precision,source_native
master_catalog,/mnt/nvme01/cosmos-web-dr1-catalog/COSMOSWeb_mastercatalog_v1.1_galight_morph.fits,HDU 1 [GALIGHT-MORPHO],qratio_f150w_sersic,D,1,galight_morph,qratio_f150w_sersic,double precision,source_native
master_catalog,/mnt/nvme01/cosmos-web-dr1-catalog/COSMOSWeb_mastercatalog_v1.1_galight_morph.fits,HDU 1 [GALIGHT-MORPHO],mag_f150w_sersic,D,1,galight_morph,mag_f150w_sersic,double precision,source_native
master_catalog,/mnt/nvme01/cosmos-web-dr1-catalog/COSMOSWeb_mastercatalog_v1.1_galight_morph.fits,HDU 1 [GALIGHT-MORPHO],rearc_f150w_sersic_err,D,1,galight_morph,rearc_f150w_sersic_err,double precision,source_native
master_catalog,/mnt/nvme01/cosmos-web-dr1-catalog/COSMOSWeb_mastercatalog_v1.1_galight_morph.fits,HDU 1 [GALIGHT-MORPHO],nsersic_f150w_sersic_err,D,1,galight_morph,nsersic_f150w_sersic_err,double precision,source_native
master_catalog,/mnt/nvme01/cosmos-web-dr1-catalog/COSMOSWeb_mastercatalog_v1.1_galight_morph.fits,HDU 1 [GALIGHT-MORPHO],qratio_f150w_sersic_err,D,1,galight_morph,qratio_f150w_sersic_err,double precision,source_native
master_catalog,/mnt/nvme01/cosmos-web-dr1-catalog/COSMOSWeb_mastercatalog_v1.1_galight_morph.fits,HDU 1 [GALIGHT-MORPHO],phi_f150w_sersic_err,D,1,galight_morph,phi_f150w_sersic_err,double precision,source_native
master_catalog,/mnt/nvme01/cosmos-web-dr1-catalog/COSMOSWeb_mastercatalog_v1.1_galight_morph.fits,HDU 1 [GALIGHT-MORPHO],mag_f150w_sersic_err,D,1,galight_morph,mag_f150w_sersic_err,double precision,source_native
master_catalog,/mnt/nvme01/cosmos-web-dr1-catalog/COSMOSWeb_mastercatalog_v1.1_galight_morph.fits,HDU 1 [GALIGHT-MORPHO],rearc_bulge_f150w_bd,D,1,galight_morph,rearc_bulge_f150w_bd,double precision,source_native
master_catalog,/mnt/nvme01/cosmos-web-dr1-catalog/COSMOSWeb_mastercatalog_v1.1_galight_morph.fits,HDU 1 [GALIGHT-MORPHO],nsersic_bulge_f150w_bd,D,1,galight_morph,nsersic_bulge_f150w_bd,double precision,source_native
master_catalog,/mnt/nvme01/cosmos-web-dr1-catalog/COSMOSWeb_mastercatalog_v1.1_galight_morph.fits,HDU 1 [GALIGHT-MORPHO],phi_bulge_f150w_bd,D,1,galight_morph,phi_bulge_f150w_bd,double precision,source_native
master_catalog,/mnt/nvme01/cosmos-web-dr1-catalog/COSMOSWeb_mastercatalog_v1.1_galight_morph.fits,HDU 1 [GALIGHT-MORPHO],qratio_bulge_f150w_bd,D,1,galight_morph,qratio_bulge_f150w_bd,double precision,source_native
master_catalog,/mnt/nvme01/cosmos-web-dr1-catalog/COSMOSWeb_mastercatalog_v1.1_galight_morph.fits,HDU 1 [GALIGHT-MORPHO],mag_bulge_f150w_bd,D,1,galight_morph,mag_bulge_f150w_bd,double precision,source_native
master_catalog,/mnt/nvme01/cosmos-web-dr1-catalog/COSMOSWeb_mastercatalog_v1.1_galight_morph.fits,HDU 1 [GALIGHT-MORPHO],rearc_disk_f150w_bd,D,1,galight_morph,rearc_disk_f150w_bd,double precision,source_native
master_catalog,/mnt/nvme01/cosmos-web-dr1-catalog/COSMOSWeb_mastercatalog_v1.1_galight_morph.fits,HDU 1 [GALIGHT-MORPHO],nsersic_disk_f150w_bd,D,1,galight_morph,nsersic_disk_f150w_bd,double precision,source_native
master_catalog,/mnt/nvme01/cosmos-web-dr1-catalog/COSMOSWeb_mastercatalog_v1.1_galight_morph.fits,HDU 1 [GALIGHT-MORPHO],phi_disk_f150w_bd,D,1,galight_morph,phi_disk_f150w_bd,double precision,source_native
master_catalog,/mnt/nvme01/cosmos-web-dr1-catalog/COSMOSWeb_mastercatalog_v1.1_galight_morph.fits,HDU 1 [GALIGHT-MORPHO],qratio_disk_f150w_bd,D,1,galight_morph,qratio_disk_f150w_bd,double precision,source_native
master_catalog,/mnt/nvme01/cosmos-web-dr1-catalog/COSMOSWeb_mastercatalog_v1.1_galight_morph.fits,HDU 1 [GALIGHT-MORPHO],mag_disk_f150w_bd,D,1,galight_morph,mag_disk_f150w_bd,double precision,source_native
master_catalog,/mnt/nvme01/cosmos-web-dr1-catalog/COSMOSWeb_mastercatalog_v1.1_galight_morph.fits,HDU 1 [GALIGHT-MORPHO],rearc_bulge_f150w_bd_err,D,1,galight_morph,rearc_bulge_f150w_bd_err,double precision,source_native
master_catalog,/mnt/nvme01/cosmos-web-dr1-catalog/COSMOSWeb_mastercatalog_v1.1_galight_morph.fits,HDU 1 [GALIGHT-MORPHO],mag_bulge_f150w_bd_err,D,1,galight_morph,mag_bulge_f150w_bd_err,double precision,source_native
master_catalog,/mnt/nvme01/cosmos-web-dr1-catalog/COSMOSWeb_mastercatalog_v1.1_galight_morph.fits,HDU 1 [GALIGHT-MORPHO],qratio_bulge_f150w_bd_err,D,1,galight_morph,qratio_bulge_f150w_bd_err,double precision,source_native
master_catalog,/mnt/nvme01/cosmos-web-dr1-catalog/COSMOSWeb_mastercatalog_v1.1_galight_morph.fits,HDU 1 [GALIGHT-MORPHO],phi_bulge_f150w_bd_err,D,1,galight_morph,phi_bulge_f150w_bd_err,double precision,source_native
master_catalog,/mnt/nvme01/cosmos-web-dr1-catalog/COSMOSWeb_mastercatalog_v1.1_galight_morph.fits,HDU 1 [GALIGHT-MORPHO],rearc_disk_f150w_bd_err,D,1,galight_morph,rearc_disk_f150w_bd_err,double precision,source_native
master_catalog,/mnt/nvme01/cosmos-web-dr1-catalog/COSMOSWeb_mastercatalog_v1.1_galight_morph.fits,HDU 1 [GALIGHT-MORPHO],mag_disk_f150w_bd_err,D,1,galight_morph,mag_disk_f150w_bd_err,double precision,source_native
master_catalog,/mnt/nvme01/cosmos-web-dr1-catalog/COSMOSWeb_mastercatalog_v1.1_galight_morph.fits,HDU 1 [GALIGHT-MORPHO],qratio_disk_f150w_bd_err,D,1,galight_morph,qratio_disk_f150w_bd_err,double precision,source_native
master_catalog,/mnt/nvme01/cosmos-web-dr1-catalog/COSMOSWeb_mastercatalog_v1.1_galight_morph.fits,HDU 1 [GALIGHT-MORPHO],phi_disk_f150w_bd_err,D,1,galight_morph,phi_disk_f150w_bd_err,double precision,source_native
master_catalog,/mnt/nvme01/cosmos-web-dr1-catalog/COSMOSWeb_mastercatalog_v1.1_galight_morph.fits,HDU 1 [GALIGHT-MORPHO],rearc_host_f150w_ps,D,1,galight_morph,rearc_host_f150w_ps,double precision,source_native
master_catalog,/mnt/nvme01/cosmos-web-dr1-catalog/COSMOSWeb_mastercatalog_v1.1_galight_morph.fits,HDU 1 [GALIGHT-MORPHO],nsersic_host_f150w_ps,D,1,galight_morph,nsersic_host_f150w_ps,double precision,source_native
master_catalog,/mnt/nvme01/cosmos-web-dr1-catalog/COSMOSWeb_mastercatalog_v1.1_galight_morph.fits,HDU 1 [GALIGHT-MORPHO],phi_host_f150w_ps,D,1,galight_morph,phi_host_f150w_ps,double precision,source_native
master_catalog,/mnt/nvme01/cosmos-web-dr1-catalog/COSMOSWeb_mastercatalog_v1.1_galight_morph.fits,HDU 1 [GALIGHT-MORPHO],qratio_host_f150w_ps,D,1,galight_morph,qratio_host_f150w_ps,double precision,source_native
master_catalog,/mnt/nvme01/cosmos-web-dr1-catalog/COSMOSWeb_mastercatalog_v1.1_galight_morph.fits,HDU 1 [GALIGHT-MORPHO],mag_host_f150w_ps,D,1,galight_morph,mag_host_f150w_ps,double precision,source_native
master_catalog,/mnt/nvme01/cosmos-web-dr1-catalog/COSMOSWeb_mastercatalog_v1.1_galight_morph.fits,HDU 1 [GALIGHT-MORPHO],p2t_flux_ratio_f150w_ps,D,1,galight_morph,p2t_flux_ratio_f150w_ps,double precision,source_native
master_catalog,/mnt/nvme01/cosmos-web-dr1-catalog/COSMOSWeb_mastercatalog_v1.1_galight_morph.fits,HDU 1 [GALIGHT-MORPHO],nsersic_host_f150w_ps_err,D,1,galight_morph,nsersic_host_f150w_ps_err,double precision,source_native
master_catalog,/mnt/nvme01/cosmos-web-dr1-catalog/COSMOSWeb_mastercatalog_v1.1_galight_morph.fits,HDU 1 [GALIGHT-MORPHO],rearc_host_f150w_ps_err,D,1,galight_morph,rearc_host_f150w_ps_err,double precision,source_native
master_catalog,/mnt/nvme01/cosmos-web-dr1-catalog/COSMOSWeb_mastercatalog_v1.1_galight_morph.fits,HDU 1 [GALIGHT-MORPHO],mag_host_f150w_ps_err,D,1,galight_morph,mag_host_f150w_ps_err,double precision,source_native
master_catalog,/mnt/nvme01/cosmos-web-dr1-catalog/COSMOSWeb_mastercatalog_v1.1_galight_morph.fits,HDU 1 [GALIGHT-MORPHO],qratio_host_f150w_ps_err,D,1,galight_morph,qratio_host_f150w_ps_err,double precision,source_native
master_catalog,/mnt/nvme01/cosmos-web-dr1-catalog/COSMOSWeb_mastercatalog_v1.1_galight_morph.fits,HDU 1 [GALIGHT-MORPHO],phi_host_f150w_ps_err,D,1,galight_morph,phi_host_f150w_ps_err,double precision,source_native
master_catalog,/mnt/nvme01/cosmos-web-dr1-catalog/COSMOSWeb_mastercatalog_v1.1_galight_morph.fits,HDU 1 [GALIGHT-MORPHO],bic_f150w_sersic,D,1,galight_morph,bic_f150w_sersic,double precision,source_native
master_catalog,/mnt/nvme01/cosmos-web-dr1-catalog/COSMOSWeb_mastercatalog_v1.1_galight_morph.fits,HDU 1 [GALIGHT-MORPHO],reduced_Chisq_f150w_sersic,D,1,galight_morph,reduced_chisq_f150w_sersic,double precision,source_native
master_catalog,/mnt/nvme01/cosmos-web-dr1-catalog/COSMOSWeb_mastercatalog_v1.1_galight_morph.fits,HDU 1 [GALIGHT-MORPHO],bic_list_f150w_bd,D,1,galight_morph,bic_list_f150w_bd,double precision,source_native
master_catalog,/mnt/nvme01/cosmos-web-dr1-catalog/COSMOSWeb_mastercatalog_v1.1_galight_morph.fits,HDU 1 [GALIGHT-MORPHO],reduced_Chisq_list_f150w_bd,D,1,galight_morph,reduced_chisq_list_f150w_bd,double precision,source_native
master_catalog,/mnt/nvme01/cosmos-web-dr1-catalog/COSMOSWeb_mastercatalog_v1.1_galight_morph.fits,HDU 1 [GALIGHT-MORPHO],bic_list_f150w_ps,D,1,galight_morph,bic_list_f150w_ps,double precision,source_native
master_catalog,/mnt/nvme01/cosmos-web-dr1-catalog/COSMOSWeb_mastercatalog_v1.1_galight_morph.fits,HDU 1 [GALIGHT-MORPHO],reduced_Chisq_list_f150w_ps,D,1,galight_morph,reduced_chisq_list_f150w_ps,double precision,source_native
master_catalog,/mnt/nvme01/cosmos-web-dr1-catalog/COSMOSWeb_mastercatalog_v1.1_galight_morph.fits,HDU 1 [GALIGHT-MORPHO],asymmetry_f150w,D,1,galight_morph,asymmetry_f150w,double precision,source_native
master_catalog,/mnt/nvme01/cosmos-web-dr1-catalog/COSMOSWeb_mastercatalog_v1.1_galight_morph.fits,HDU 1 [GALIGHT-MORPHO],smoothness_f150w,D,1,galight_morph,smoothness_f150w,double precision,source_native
master_catalog,/mnt/nvme01/cosmos-web-dr1-catalog/COSMOSWeb_mastercatalog_v1.1_galight_morph.fits,HDU 1 [GALIGHT-MORPHO],concentration_f150w,D,1,galight_morph,concentration_f150w,double precision,source_native
master_catalog,/mnt/nvme01/cosmos-web-dr1-catalog/COSMOSWeb_mastercatalog_v1.1_galight_morph.fits,HDU 1 [GALIGHT-MORPHO],gini_f150w,D,1,galight_morph,gini_f150w,double precision,source_native
master_catalog,/mnt/nvme01/cosmos-web-dr1-catalog/COSMOSWeb_mastercatalog_v1.1_galight_morph.fits,HDU 1 [GALIGHT-MORPHO],m20_f150w,D,1,galight_morph,m20_f150w,double precision,source_native
master_catalog,/mnt/nvme01/cosmos-web-dr1-catalog/COSMOSWeb_mastercatalog_v1.1_galight_morph.fits,HDU 1 [GALIGHT-MORPHO],cas_flag_f150w,D,1,galight_morph,cas_flag_f150w,double precision,source_native
master_catalog,/mnt/nvme01/cosmos-web-dr1-catalog/COSMOSWeb_mastercatalog_v1.1_galight_morph.fits,HDU 1 [GALIGHT-MORPHO],rearc_f277w_sersic,D,1,galight_morph,rearc_f277w_sersic,double precision,source_native
master_catalog,/mnt/nvme01/cosmos-web-dr1-catalog/COSMOSWeb_mastercatalog_v1.1_galight_morph.fits,HDU 1 [GALIGHT-MORPHO],nsersic_f277w_sersic,D,1,galight_morph,nsersic_f277w_sersic,double precision,source_native
master_catalog,/mnt/nvme01/cosmos-web-dr1-catalog/COSMOSWeb_mastercatalog_v1.1_galight_morph.fits,HDU 1 [GALIGHT-MORPHO],phi_f277w_sersic,D,1,galight_morph,phi_f277w_sersic,double precision,source_native
master_catalog,/mnt/nvme01/cosmos-web-dr1-catalog/COSMOSWeb_mastercatalog_v1.1_galight_morph.fits,HDU 1 [GALIGHT-MORPHO],qratio_f277w_sersic,D,1,galight_morph,qratio_f277w_sersic,double precision,source_native
master_catalog,/mnt/nvme01/cosmos-web-dr1-catalog/COSMOSWeb_mastercatalog_v1.1_galight_morph.fits,HDU 1 [GALIGHT-MORPHO],mag_f277w_sersic,D,1,galight_morph,mag_f277w_sersic,double precision,source_native
master_catalog,/mnt/nvme01/cosmos-web-dr1-catalog/COSMOSWeb_mastercatalog_v1.1_galight_morph.fits,HDU 1 [GALIGHT-MORPHO],rearc_f277w_sersic_err,D,1,galight_morph,rearc_f277w_sersic_err,double precision,source_native
master_catalog,/mnt/nvme01/cosmos-web-dr1-catalog/COSMOSWeb_mastercatalog_v1.1_galight_morph.fits,HDU 1 [GALIGHT-MORPHO],nsersic_f277w_sersic_err,D,1,galight_morph,nsersic_f277w_sersic_err,double precision,source_native
master_catalog,/mnt/nvme01/cosmos-web-dr1-catalog/COSMOSWeb_mastercatalog_v1.1_galight_morph.fits,HDU 1 [GALIGHT-MORPHO],qratio_f277w_sersic_err,D,1,galight_morph,qratio_f277w_sersic_err,double precision,source_native
master_catalog,/mnt/nvme01/cosmos-web-dr1-catalog/COSMOSWeb_mastercatalog_v1.1_galight_morph.fits,HDU 1 [GALIGHT-MORPHO],phi_f277w_sersic_err,D,1,galight_morph,phi_f277w_sersic_err,double precision,source_native
master_catalog,/mnt/nvme01/cosmos-web-dr1-catalog/COSMOSWeb_mastercatalog_v1.1_galight_morph.fits,HDU 1 [GALIGHT-MORPHO],mag_f277w_sersic_err,D,1,galight_morph,mag_f277w_sersic_err,double precision,source_native
master_catalog,/mnt/nvme01/cosmos-web-dr1-catalog/COSMOSWeb_mastercatalog_v1.1_galight_morph.fits,HDU 1 [GALIGHT-MORPHO],rearc_bulge_f277w_bd,D,1,galight_morph,rearc_bulge_f277w_bd,double precision,source_native
master_catalog,/mnt/nvme01/cosmos-web-dr1-catalog/COSMOSWeb_mastercatalog_v1.1_galight_morph.fits,HDU 1 [GALIGHT-MORPHO],nsersic_bulge_f277w_bd,D,1,galight_morph,nsersic_bulge_f277w_bd,double precision,source_native
master_catalog,/mnt/nvme01/cosmos-web-dr1-catalog/COSMOSWeb_mastercatalog_v1.1_galight_morph.fits,HDU 1 [GALIGHT-MORPHO],phi_bulge_f277w_bd,D,1,galight_morph,phi_bulge_f277w_bd,double precision,source_native
master_catalog,/mnt/nvme01/cosmos-web-dr1-catalog/COSMOSWeb_mastercatalog_v1.1_galight_morph.fits,HDU 1 [GALIGHT-MORPHO],qratio_bulge_f277w_bd,D,1,galight_morph,qratio_bulge_f277w_bd,double precision,source_native
master_catalog,/mnt/nvme01/cosmos-web-dr1-catalog/COSMOSWeb_mastercatalog_v1.1_galight_morph.fits,HDU 1 [GALIGHT-MORPHO],mag_bulge_f277w_bd,D,1,galight_morph,mag_bulge_f277w_bd,double precision,source_native
master_catalog,/mnt/nvme01/cosmos-web-dr1-catalog/COSMOSWeb_mastercatalog_v1.1_galight_morph.fits,HDU 1 [GALIGHT-MORPHO],rearc_disk_f277w_bd,D,1,galight_morph,rearc_disk_f277w_bd,double precision,source_native
master_catalog,/mnt/nvme01/cosmos-web-dr1-catalog/COSMOSWeb_mastercatalog_v1.1_galight_morph.fits,HDU 1 [GALIGHT-MORPHO],nsersic_disk_f277w_bd,D,1,galight_morph,nsersic_disk_f277w_bd,double precision,source_native
master_catalog,/mnt/nvme01/cosmos-web-dr1-catalog/COSMOSWeb_mastercatalog_v1.1_galight_morph.fits,HDU 1 [GALIGHT-MORPHO],phi_disk_f277w_bd,D,1,galight_morph,phi_disk_f277w_bd,double precision,source_native
master_catalog,/mnt/nvme01/cosmos-web-dr1-catalog/COSMOSWeb_mastercatalog_v1.1_galight_morph.fits,HDU 1 [GALIGHT-MORPHO],qratio_disk_f277w_bd,D,1,galight_morph,qratio_disk_f277w_bd,double precision,source_native
master_catalog,/mnt/nvme01/cosmos-web-dr1-catalog/COSMOSWeb_mastercatalog_v1.1_galight_morph.fits,HDU 1 [GALIGHT-MORPHO],mag_disk_f277w_bd,D,1,galight_morph,mag_disk_f277w_bd,double precision,source_native
master_catalog,/mnt/nvme01/cosmos-web-dr1-catalog/COSMOSWeb_mastercatalog_v1.1_galight_morph.fits,HDU 1 [GALIGHT-MORPHO],rearc_bulge_f277w_bd_err,D,1,galight_morph,rearc_bulge_f277w_bd_err,double precision,source_native
master_catalog,/mnt/nvme01/cosmos-web-dr1-catalog/COSMOSWeb_mastercatalog_v1.1_galight_morph.fits,HDU 1 [GALIGHT-MORPHO],mag_bulge_f277w_bd_err,D,1,galight_morph,mag_bulge_f277w_bd_err,double precision,source_native
master_catalog,/mnt/nvme01/cosmos-web-dr1-catalog/COSMOSWeb_mastercatalog_v1.1_galight_morph.fits,HDU 1 [GALIGHT-MORPHO],qratio_bulge_f277w_bd_err,D,1,galight_morph,qratio_bulge_f277w_bd_err,double precision,source_native
master_catalog,/mnt/nvme01/cosmos-web-dr1-catalog/COSMOSWeb_mastercatalog_v1.1_galight_morph.fits,HDU 1 [GALIGHT-MORPHO],phi_bulge_f277w_bd_err,D,1,galight_morph,phi_bulge_f277w_bd_err,double precision,source_native
master_catalog,/mnt/nvme01/cosmos-web-dr1-catalog/COSMOSWeb_mastercatalog_v1.1_galight_morph.fits,HDU 1 [GALIGHT-MORPHO],rearc_disk_f277w_bd_err,D,1,galight_morph,rearc_disk_f277w_bd_err,double precision,source_native
master_catalog,/mnt/nvme01/cosmos-web-dr1-catalog/COSMOSWeb_mastercatalog_v1.1_galight_morph.fits,HDU 1 [GALIGHT-MORPHO],mag_disk_f277w_bd_err,D,1,galight_morph,mag_disk_f277w_bd_err,double precision,source_native
master_catalog,/mnt/nvme01/cosmos-web-dr1-catalog/COSMOSWeb_mastercatalog_v1.1_galight_morph.fits,HDU 1 [GALIGHT-MORPHO],qratio_disk_f277w_bd_err,D,1,galight_morph,qratio_disk_f277w_bd_err,double precision,source_native
master_catalog,/mnt/nvme01/cosmos-web-dr1-catalog/COSMOSWeb_mastercatalog_v1.1_galight_morph.fits,HDU 1 [GALIGHT-MORPHO],phi_disk_f277w_bd_err,D,1,galight_morph,phi_disk_f277w_bd_err,double precision,source_native
master_catalog,/mnt/nvme01/cosmos-web-dr1-catalog/COSMOSWeb_mastercatalog_v1.1_galight_morph.fits,HDU 1 [GALIGHT-MORPHO],rearc_host_f277w_ps,D,1,galight_morph,rearc_host_f277w_ps,double precision,source_native
master_catalog,/mnt/nvme01/cosmos-web-dr1-catalog/COSMOSWeb_mastercatalog_v1.1_galight_morph.fits,HDU 1 [GALIGHT-MORPHO],nsersic_host_f277w_ps,D,1,galight_morph,nsersic_host_f277w_ps,double precision,source_native
master_catalog,/mnt/nvme01/cosmos-web-dr1-catalog/COSMOSWeb_mastercatalog_v1.1_galight_morph.fits,HDU 1 [GALIGHT-MORPHO],phi_host_f277w_ps,D,1,galight_morph,phi_host_f277w_ps,double precision,source_native
master_catalog,/mnt/nvme01/cosmos-web-dr1-catalog/COSMOSWeb_mastercatalog_v1.1_galight_morph.fits,HDU 1 [GALIGHT-MORPHO],qratio_host_f277w_ps,D,1,galight_morph,qratio_host_f277w_ps,double precision,source_native
master_catalog,/mnt/nvme01/cosmos-web-dr1-catalog/COSMOSWeb_mastercatalog_v1.1_galight_morph.fits,HDU 1 [GALIGHT-MORPHO],mag_host_f277w_ps,D,1,galight_morph,mag_host_f277w_ps,double precision,source_native
master_catalog,/mnt/nvme01/cosmos-web-dr1-catalog/COSMOSWeb_mastercatalog_v1.1_galight_morph.fits,HDU 1 [GALIGHT-MORPHO],p2t_flux_ratio_f277w_ps,D,1,galight_morph,p2t_flux_ratio_f277w_ps,double precision,source_native
master_catalog,/mnt/nvme01/cosmos-web-dr1-catalog/COSMOSWeb_mastercatalog_v1.1_galight_morph.fits,HDU 1 [GALIGHT-MORPHO],nsersic_host_f277w_ps_err,D,1,galight_morph,nsersic_host_f277w_ps_err,double precision,source_native
master_catalog,/mnt/nvme01/cosmos-web-dr1-catalog/COSMOSWeb_mastercatalog_v1.1_galight_morph.fits,HDU 1 [GALIGHT-MORPHO],rearc_host_f277w_ps_err,D,1,galight_morph,rearc_host_f277w_ps_err,double precision,source_native
master_catalog,/mnt/nvme01/cosmos-web-dr1-catalog/COSMOSWeb_mastercatalog_v1.1_galight_morph.fits,HDU 1 [GALIGHT-MORPHO],mag_host_f277w_ps_err,D,1,galight_morph,mag_host_f277w_ps_err,double precision,source_native
master_catalog,/mnt/nvme01/cosmos-web-dr1-catalog/COSMOSWeb_mastercatalog_v1.1_galight_morph.fits,HDU 1 [GALIGHT-MORPHO],qratio_host_f277w_ps_err,D,1,galight_morph,qratio_host_f277w_ps_err,double precision,source_native
master_catalog,/mnt/nvme01/cosmos-web-dr1-catalog/COSMOSWeb_mastercatalog_v1.1_galight_morph.fits,HDU 1 [GALIGHT-MORPHO],phi_host_f277w_ps_err,D,1,galight_morph,phi_host_f277w_ps_err,double precision,source_native
master_catalog,/mnt/nvme01/cosmos-web-dr1-catalog/COSMOSWeb_mastercatalog_v1.1_galight_morph.fits,HDU 1 [GALIGHT-MORPHO],bic_f277w_sersic,D,1,galight_morph,bic_f277w_sersic,double precision,source_native
master_catalog,/mnt/nvme01/cosmos-web-dr1-catalog/COSMOSWeb_mastercatalog_v1.1_galight_morph.fits,HDU 1 [GALIGHT-MORPHO],reduced_Chisq_f277w_sersic,D,1,galight_morph,reduced_chisq_f277w_sersic,double precision,source_native
master_catalog,/mnt/nvme01/cosmos-web-dr1-catalog/COSMOSWeb_mastercatalog_v1.1_galight_morph.fits,HDU 1 [GALIGHT-MORPHO],bic_list_f277w_bd,D,1,galight_morph,bic_list_f277w_bd,double precision,source_native
master_catalog,/mnt/nvme01/cosmos-web-dr1-catalog/COSMOSWeb_mastercatalog_v1.1_galight_morph.fits,HDU 1 [GALIGHT-MORPHO],reduced_Chisq_list_f277w_bd,D,1,galight_morph,reduced_chisq_list_f277w_bd,double precision,source_native
master_catalog,/mnt/nvme01/cosmos-web-dr1-catalog/COSMOSWeb_mastercatalog_v1.1_galight_morph.fits,HDU 1 [GALIGHT-MORPHO],bic_list_f277w_ps,D,1,galight_morph,bic_list_f277w_ps,double precision,source_native
master_catalog,/mnt/nvme01/cosmos-web-dr1-catalog/COSMOSWeb_mastercatalog_v1.1_galight_morph.fits,HDU 1 [GALIGHT-MORPHO],reduced_Chisq_list_f277w_ps,D,1,galight_morph,reduced_chisq_list_f277w_ps,double precision,source_native
master_catalog,/mnt/nvme01/cosmos-web-dr1-catalog/COSMOSWeb_mastercatalog_v1.1_galight_morph.fits,HDU 1 [GALIGHT-MORPHO],asymmetry_f277w,D,1,galight_morph,asymmetry_f277w,double precision,source_native
master_catalog,/mnt/nvme01/cosmos-web-dr1-catalog/COSMOSWeb_mastercatalog_v1.1_galight_morph.fits,HDU 1 [GALIGHT-MORPHO],smoothness_f277w,D,1,galight_morph,smoothness_f277w,double precision,source_native
master_catalog,/mnt/nvme01/cosmos-web-dr1-catalog/COSMOSWeb_mastercatalog_v1.1_galight_morph.fits,HDU 1 [GALIGHT-MORPHO],concentration_f277w,D,1,galight_morph,concentration_f277w,double precision,source_native
master_catalog,/mnt/nvme01/cosmos-web-dr1-catalog/COSMOSWeb_mastercatalog_v1.1_galight_morph.fits,HDU 1 [GALIGHT-MORPHO],gini_f277w,D,1,galight_morph,gini_f277w,double precision,source_native
master_catalog,/mnt/nvme01/cosmos-web-dr1-catalog/COSMOSWeb_mastercatalog_v1.1_galight_morph.fits,HDU 1 [GALIGHT-MORPHO],m20_f277w,D,1,galight_morph,m20_f277w,double precision,source_native
master_catalog,/mnt/nvme01/cosmos-web-dr1-catalog/COSMOSWeb_mastercatalog_v1.1_galight_morph.fits,HDU 1 [GALIGHT-MORPHO],cas_flag_f277w,D,1,galight_morph,cas_flag_f277w,double precision,source_native
master_catalog,/mnt/nvme01/cosmos-web-dr1-catalog/COSMOSWeb_mastercatalog_v1.1_galight_morph.fits,HDU 1 [GALIGHT-MORPHO],rearc_f444w_sersic,D,1,galight_morph,rearc_f444w_sersic,double precision,source_native
master_catalog,/mnt/nvme01/cosmos-web-dr1-catalog/COSMOSWeb_mastercatalog_v1.1_galight_morph.fits,HDU 1 [GALIGHT-MORPHO],nsersic_f444w_sersic,D,1,galight_morph,nsersic_f444w_sersic,double precision,source_native
master_catalog,/mnt/nvme01/cosmos-web-dr1-catalog/COSMOSWeb_mastercatalog_v1.1_galight_morph.fits,HDU 1 [GALIGHT-MORPHO],phi_f444w_sersic,D,1,galight_morph,phi_f444w_sersic,double precision,source_native
master_catalog,/mnt/nvme01/cosmos-web-dr1-catalog/COSMOSWeb_mastercatalog_v1.1_galight_morph.fits,HDU 1 [GALIGHT-MORPHO],qratio_f444w_sersic,D,1,galight_morph,qratio_f444w_sersic,double precision,source_native
master_catalog,/mnt/nvme01/cosmos-web-dr1-catalog/COSMOSWeb_mastercatalog_v1.1_galight_morph.fits,HDU 1 [GALIGHT-MORPHO],mag_f444w_sersic,D,1,galight_morph,mag_f444w_sersic,double precision,source_native
master_catalog,/mnt/nvme01/cosmos-web-dr1-catalog/COSMOSWeb_mastercatalog_v1.1_galight_morph.fits,HDU 1 [GALIGHT-MORPHO],rearc_f444w_sersic_err,D,1,galight_morph,rearc_f444w_sersic_err,double precision,source_native
master_catalog,/mnt/nvme01/cosmos-web-dr1-catalog/COSMOSWeb_mastercatalog_v1.1_galight_morph.fits,HDU 1 [GALIGHT-MORPHO],nsersic_f444w_sersic_err,D,1,galight_morph,nsersic_f444w_sersic_err,double precision,source_native
master_catalog,/mnt/nvme01/cosmos-web-dr1-catalog/COSMOSWeb_mastercatalog_v1.1_galight_morph.fits,HDU 1 [GALIGHT-MORPHO],qratio_f444w_sersic_err,D,1,galight_morph,qratio_f444w_sersic_err,double precision,source_native
master_catalog,/mnt/nvme01/cosmos-web-dr1-catalog/COSMOSWeb_mastercatalog_v1.1_galight_morph.fits,HDU 1 [GALIGHT-MORPHO],phi_f444w_sersic_err,D,1,galight_morph,phi_f444w_sersic_err,double precision,source_native
master_catalog,/mnt/nvme01/cosmos-web-dr1-catalog/COSMOSWeb_mastercatalog_v1.1_galight_morph.fits,HDU 1 [GALIGHT-MORPHO],mag_f444w_sersic_err,D,1,galight_morph,mag_f444w_sersic_err,double precision,source_native
master_catalog,/mnt/nvme01/cosmos-web-dr1-catalog/COSMOSWeb_mastercatalog_v1.1_galight_morph.fits,HDU 1 [GALIGHT-MORPHO],rearc_bulge_f444w_bd,D,1,galight_morph,rearc_bulge_f444w_bd,double precision,source_native
master_catalog,/mnt/nvme01/cosmos-web-dr1-catalog/COSMOSWeb_mastercatalog_v1.1_galight_morph.fits,HDU 1 [GALIGHT-MORPHO],nsersic_bulge_f444w_bd,D,1,galight_morph,nsersic_bulge_f444w_bd,double precision,source_native
master_catalog,/mnt/nvme01/cosmos-web-dr1-catalog/COSMOSWeb_mastercatalog_v1.1_galight_morph.fits,HDU 1 [GALIGHT-MORPHO],phi_bulge_f444w_bd,D,1,galight_morph,phi_bulge_f444w_bd,double precision,source_native
master_catalog,/mnt/nvme01/cosmos-web-dr1-catalog/COSMOSWeb_mastercatalog_v1.1_galight_morph.fits,HDU 1 [GALIGHT-MORPHO],qratio_bulge_f444w_bd,D,1,galight_morph,qratio_bulge_f444w_bd,double precision,source_native
master_catalog,/mnt/nvme01/cosmos-web-dr1-catalog/COSMOSWeb_mastercatalog_v1.1_galight_morph.fits,HDU 1 [GALIGHT-MORPHO],mag_bulge_f444w_bd,D,1,galight_morph,mag_bulge_f444w_bd,double precision,source_native
master_catalog,/mnt/nvme01/cosmos-web-dr1-catalog/COSMOSWeb_mastercatalog_v1.1_galight_morph.fits,HDU 1 [GALIGHT-MORPHO],rearc_disk_f444w_bd,D,1,galight_morph,rearc_disk_f444w_bd,double precision,source_native
master_catalog,/mnt/nvme01/cosmos-web-dr1-catalog/COSMOSWeb_mastercatalog_v1.1_galight_morph.fits,HDU 1 [GALIGHT-MORPHO],nsersic_disk_f444w_bd,D,1,galight_morph,nsersic_disk_f444w_bd,double precision,source_native
master_catalog,/mnt/nvme01/cosmos-web-dr1-catalog/COSMOSWeb_mastercatalog_v1.1_galight_morph.fits,HDU 1 [GALIGHT-MORPHO],phi_disk_f444w_bd,D,1,galight_morph,phi_disk_f444w_bd,double precision,source_native
master_catalog,/mnt/nvme01/cosmos-web-dr1-catalog/COSMOSWeb_mastercatalog_v1.1_galight_morph.fits,HDU 1 [GALIGHT-MORPHO],qratio_disk_f444w_bd,D,1,galight_morph,qratio_disk_f444w_bd,double precision,source_native
master_catalog,/mnt/nvme01/cosmos-web-dr1-catalog/COSMOSWeb_mastercatalog_v1.1_galight_morph.fits,HDU 1 [GALIGHT-MORPHO],mag_disk_f444w_bd,D,1,galight_morph,mag_disk_f444w_bd,double precision,source_native
master_catalog,/mnt/nvme01/cosmos-web-dr1-catalog/COSMOSWeb_mastercatalog_v1.1_galight_morph.fits,HDU 1 [GALIGHT-MORPHO],rearc_bulge_f444w_bd_err,D,1,galight_morph,rearc_bulge_f444w_bd_err,double precision,source_native
master_catalog,/mnt/nvme01/cosmos-web-dr1-catalog/COSMOSWeb_mastercatalog_v1.1_galight_morph.fits,HDU 1 [GALIGHT-MORPHO],mag_bulge_f444w_bd_err,D,1,galight_morph,mag_bulge_f444w_bd_err,double precision,source_native
master_catalog,/mnt/nvme01/cosmos-web-dr1-catalog/COSMOSWeb_mastercatalog_v1.1_galight_morph.fits,HDU 1 [GALIGHT-MORPHO],qratio_bulge_f444w_bd_err,D,1,galight_morph,qratio_bulge_f444w_bd_err,double precision,source_native
master_catalog,/mnt/nvme01/cosmos-web-dr1-catalog/COSMOSWeb_mastercatalog_v1.1_galight_morph.fits,HDU 1 [GALIGHT-MORPHO],phi_bulge_f444w_bd_err,D,1,galight_morph,phi_bulge_f444w_bd_err,double precision,source_native
master_catalog,/mnt/nvme01/cosmos-web-dr1-catalog/COSMOSWeb_mastercatalog_v1.1_galight_morph.fits,HDU 1 [GALIGHT-MORPHO],rearc_disk_f444w_bd_err,D,1,galight_morph,rearc_disk_f444w_bd_err,double precision,source_native
master_catalog,/mnt/nvme01/cosmos-web-dr1-catalog/COSMOSWeb_mastercatalog_v1.1_galight_morph.fits,HDU 1 [GALIGHT-MORPHO],mag_disk_f444w_bd_err,D,1,galight_morph,mag_disk_f444w_bd_err,double precision,source_native
master_catalog,/mnt/nvme01/cosmos-web-dr1-catalog/COSMOSWeb_mastercatalog_v1.1_galight_morph.fits,HDU 1 [GALIGHT-MORPHO],qratio_disk_f444w_bd_err,D,1,galight_morph,qratio_disk_f444w_bd_err,double precision,source_native
master_catalog,/mnt/nvme01/cosmos-web-dr1-catalog/COSMOSWeb_mastercatalog_v1.1_galight_morph.fits,HDU 1 [GALIGHT-MORPHO],phi_disk_f444w_bd_err,D,1,galight_morph,phi_disk_f444w_bd_err,double precision,source_native
master_catalog,/mnt/nvme01/cosmos-web-dr1-catalog/COSMOSWeb_mastercatalog_v1.1_galight_morph.fits,HDU 1 [GALIGHT-MORPHO],rearc_host_f444w_ps,D,1,galight_morph,rearc_host_f444w_ps,double precision,source_native
master_catalog,/mnt/nvme01/cosmos-web-dr1-catalog/COSMOSWeb_mastercatalog_v1.1_galight_morph.fits,HDU 1 [GALIGHT-MORPHO],nsersic_host_f444w_ps,D,1,galight_morph,nsersic_host_f444w_ps,double precision,source_native
master_catalog,/mnt/nvme01/cosmos-web-dr1-catalog/COSMOSWeb_mastercatalog_v1.1_galight_morph.fits,HDU 1 [GALIGHT-MORPHO],phi_host_f444w_ps,D,1,galight_morph,phi_host_f444w_ps,double precision,source_native
master_catalog,/mnt/nvme01/cosmos-web-dr1-catalog/COSMOSWeb_mastercatalog_v1.1_galight_morph.fits,HDU 1 [GALIGHT-MORPHO],qratio_host_f444w_ps,D,1,galight_morph,qratio_host_f444w_ps,double precision,source_native
master_catalog,/mnt/nvme01/cosmos-web-dr1-catalog/COSMOSWeb_mastercatalog_v1.1_galight_morph.fits,HDU 1 [GALIGHT-MORPHO],mag_host_f444w_ps,D,1,galight_morph,mag_host_f444w_ps,double precision,source_native
master_catalog,/mnt/nvme01/cosmos-web-dr1-catalog/COSMOSWeb_mastercatalog_v1.1_galight_morph.fits,HDU 1 [GALIGHT-MORPHO],p2t_flux_ratio_f444w_ps,D,1,galight_morph,p2t_flux_ratio_f444w_ps,double precision,source_native
master_catalog,/mnt/nvme01/cosmos-web-dr1-catalog/COSMOSWeb_mastercatalog_v1.1_galight_morph.fits,HDU 1 [GALIGHT-MORPHO],nsersic_host_f444w_ps_err,D,1,galight_morph,nsersic_host_f444w_ps_err,double precision,source_native
master_catalog,/mnt/nvme01/cosmos-web-dr1-catalog/COSMOSWeb_mastercatalog_v1.1_galight_morph.fits,HDU 1 [GALIGHT-MORPHO],rearc_host_f444w_ps_err,D,1,galight_morph,rearc_host_f444w_ps_err,double precision,source_native
master_catalog,/mnt/nvme01/cosmos-web-dr1-catalog/COSMOSWeb_mastercatalog_v1.1_galight_morph.fits,HDU 1 [GALIGHT-MORPHO],mag_host_f444w_ps_err,D,1,galight_morph,mag_host_f444w_ps_err,double precision,source_native
master_catalog,/mnt/nvme01/cosmos-web-dr1-catalog/COSMOSWeb_mastercatalog_v1.1_galight_morph.fits,HDU 1 [GALIGHT-MORPHO],qratio_host_f444w_ps_err,D,1,galight_morph,qratio_host_f444w_ps_err,double precision,source_native
master_catalog,/mnt/nvme01/cosmos-web-dr1-catalog/COSMOSWeb_mastercatalog_v1.1_galight_morph.fits,HDU 1 [GALIGHT-MORPHO],phi_host_f444w_ps_err,D,1,galight_morph,phi_host_f444w_ps_err,double precision,source_native
master_catalog,/mnt/nvme01/cosmos-web-dr1-catalog/COSMOSWeb_mastercatalog_v1.1_galight_morph.fits,HDU 1 [GALIGHT-MORPHO],bic_f444w_sersic,D,1,galight_morph,bic_f444w_sersic,double precision,source_native
master_catalog,/mnt/nvme01/cosmos-web-dr1-catalog/COSMOSWeb_mastercatalog_v1.1_galight_morph.fits,HDU 1 [GALIGHT-MORPHO],reduced_Chisq_f444w_sersic,D,1,galight_morph,reduced_chisq_f444w_sersic,double precision,source_native
master_catalog,/mnt/nvme01/cosmos-web-dr1-catalog/COSMOSWeb_mastercatalog_v1.1_galight_morph.fits,HDU 1 [GALIGHT-MORPHO],bic_list_f444w_bd,D,1,galight_morph,bic_list_f444w_bd,double precision,source_native
master_catalog,/mnt/nvme01/cosmos-web-dr1-catalog/COSMOSWeb_mastercatalog_v1.1_galight_morph.fits,HDU 1 [GALIGHT-MORPHO],reduced_Chisq_list_f444w_bd,D,1,galight_morph,reduced_chisq_list_f444w_bd,double precision,source_native
master_catalog,/mnt/nvme01/cosmos-web-dr1-catalog/COSMOSWeb_mastercatalog_v1.1_galight_morph.fits,HDU 1 [GALIGHT-MORPHO],bic_list_f444w_ps,D,1,galight_morph,bic_list_f444w_ps,double precision,source_native
master_catalog,/mnt/nvme01/cosmos-web-dr1-catalog/COSMOSWeb_mastercatalog_v1.1_galight_morph.fits,HDU 1 [GALIGHT-MORPHO],reduced_Chisq_list_f444w_ps,D,1,galight_morph,reduced_chisq_list_f444w_ps,double precision,source_native
master_catalog,/mnt/nvme01/cosmos-web-dr1-catalog/COSMOSWeb_mastercatalog_v1.1_galight_morph.fits,HDU 1 [GALIGHT-MORPHO],asymmetry_f444w,D,1,galight_morph,asymmetry_f444w,double precision,source_native
master_catalog,/mnt/nvme01/cosmos-web-dr1-catalog/COSMOSWeb_mastercatalog_v1.1_galight_morph.fits,HDU 1 [GALIGHT-MORPHO],smoothness_f444w,D,1,galight_morph,smoothness_f444w,double precision,source_native
master_catalog,/mnt/nvme01/cosmos-web-dr1-catalog/COSMOSWeb_mastercatalog_v1.1_galight_morph.fits,HDU 1 [GALIGHT-MORPHO],concentration_f444w,D,1,galight_morph,concentration_f444w,double precision,source_native
master_catalog,/mnt/nvme01/cosmos-web-dr1-catalog/COSMOSWeb_mastercatalog_v1.1_galight_morph.fits,HDU 1 [GALIGHT-MORPHO],gini_f444w,D,1,galight_morph,gini_f444w,double precision,source_native
master_catalog,/mnt/nvme01/cosmos-web-dr1-catalog/COSMOSWeb_mastercatalog_v1.1_galight_morph.fits,HDU 1 [GALIGHT-MORPHO],m20_f444w,D,1,galight_morph,m20_f444w,double precision,source_native
master_catalog,/mnt/nvme01/cosmos-web-dr1-catalog/COSMOSWeb_mastercatalog_v1.1_galight_morph.fits,HDU 1 [GALIGHT-MORPHO],cas_flag_f444w,D,1,galight_morph,cas_flag_f444w,double precision,source_native
master_catalog,/mnt/nvme01/cosmos-web-dr1-catalog/COSMOSWeb_mastercatalog_v1.1_photom_primary.fits,HDU 1 [PHOTOMETRY HOTCOLD AND SE++],source_row,generated zero-based row ordinal,1,photometry_primary,source_row,bigint,source_row_metadata
master_catalog,/mnt/nvme01/cosmos-web-dr1-catalog/COSMOSWeb_mastercatalog_v1.1_lephare.fits,HDU 1 [LEPHARE],source_row,generated zero-based row ordinal,1,lephare,source_row,bigint,source_row_metadata
master_catalog,/mnt/nvme01/cosmos-web-dr1-catalog/COSMOSWeb_mastercatalog_v1.1_photom_primary.fits,HDU 1 [PHOTOMETRY HOTCOLD AND SE++],id,K,1,lephare,id,bigint,id_injected
master_catalog,/mnt/nvme01/cosmos-web-dr1-catalog/COSMOSWeb_mastercatalog_v1.1_photom_secondary.fits,HDU 1 [SE++APER],source_row,generated zero-based row ordinal,1,photometry_aper,source_row,bigint,source_row_metadata
master_catalog,/mnt/nvme01/cosmos-web-dr1-catalog/COSMOSWeb_mastercatalog_v1.1_photom_primary.fits,HDU 1 [PHOTOMETRY HOTCOLD AND SE++],id,K,1,photometry_aper,id,bigint,id_injected
master_catalog,/mnt/nvme01/cosmos-web-dr1-catalog/COSMOSWeb_mastercatalog_v1.1_cigale.fits,HDU 1 [CIGALE],source_row,generated zero-based row ordinal,1,cigale,source_row,bigint,source_row_metadata
master_catalog,/mnt/nvme01/cosmos-web-dr1-catalog/COSMOSWeb_mastercatalog_v1.1_photom_primary.fits,HDU 1 [PHOTOMETRY HOTCOLD AND SE++],id,K,1,cigale,id,bigint,id_injected
master_catalog,/mnt/nvme01/cosmos-web-dr1-catalog/COSMOSWeb_mastercatalog_v1.1_ml_morph.fits,HDU 1 [ML-MORPHO],source_row,generated zero-based row ordinal,1,ml_morpho,source_row,bigint,source_row_metadata
master_catalog,/mnt/nvme01/cosmos-web-dr1-catalog/COSMOSWeb_mastercatalog_v1.1_photom_primary.fits,HDU 1 [PHOTOMETRY HOTCOLD AND SE++],id,K,1,ml_morpho,id,bigint,id_injected
master_catalog,/mnt/nvme01/cosmos-web-dr1-catalog/COSMOSWeb_mastercatalog_v1.1_bulgedisk.fits,HDU 1 [B+D],source_row,generated zero-based row ordinal,1,bulge_disk,source_row,bigint,source_row_metadata
master_catalog,/mnt/nvme01/cosmos-web-dr1-catalog/COSMOSWeb_mastercatalog_v1.1_photom_primary.fits,HDU 1 [PHOTOMETRY HOTCOLD AND SE++],id,K,1,bulge_disk,id,bigint,id_injected
master_catalog,/mnt/nvme01/cosmos-web-dr1-catalog/COSMOSWeb_mastercatalog_v1.1_galight_morph.fits,HDU 1 [GALIGHT-MORPHO],source_row,generated zero-based row ordinal,1,galight_morph,source_row,bigint,source_row_metadata
master_catalog,/mnt/nvme01/cosmos-web-dr1-catalog/COSMOSWeb_mastercatalog_v1.1_photom_primary.fits,HDU 1 [PHOTOMETRY HOTCOLD AND SE++],id,K,1,galight_morph,id,bigint,id_injected
hatamnia_lss,/mnt/nvme01/cosmos-web-dr1-catalog/hatamnia-lss/hatamnia-lss-catalog.fits,HDU 3 [OVERDENSITY],id,K,1,lss_overdensity,id,bigint,source_native
hatamnia_lss,/mnt/nvme01/cosmos-web-dr1-catalog/hatamnia-lss/hatamnia-lss-catalog.fits,HDU 3 [OVERDENSITY],RA,D,1,lss_overdensity,ra,double precision,source_native
hatamnia_lss,/mnt/nvme01/cosmos-web-dr1-catalog/hatamnia-lss/hatamnia-lss-catalog.fits,HDU 3 [OVERDENSITY],Dec,D,1,lss_overdensity,dec,double precision,source_native
hatamnia_lss,/mnt/nvme01/cosmos-web-dr1-catalog/hatamnia-lss/hatamnia-lss-catalog.fits,HDU 3 [OVERDENSITY],density_excess,E,1,lss_overdensity,density_excess,real,source_native
toni_groups,/mnt/nvme01/cosmos-web-dr1-catalog/toni/groups.txt,"text table, header line 1",ID,text integer,1,galaxy_groups,id,bigint,source_native
toni_groups,/mnt/nvme01/cosmos-web-dr1-catalog/toni/groups.txt,"text table, header line 1",RA,text decimal,1,galaxy_groups,ra,double precision,source_native
toni_groups,/mnt/nvme01/cosmos-web-dr1-catalog/toni/groups.txt,"text table, header line 1",DEC,text decimal,1,galaxy_groups,dec,double precision,source_native
toni_groups,/mnt/nvme01/cosmos-web-dr1-catalog/toni/groups.txt,"text table, header line 1",Z,text decimal,1,galaxy_groups,z,double precision,source_native
toni_groups,/mnt/nvme01/cosmos-web-dr1-catalog/toni/groups.txt,"text table, header line 1",SN,text decimal,1,galaxy_groups,sn,double precision,source_native
toni_groups,/mnt/nvme01/cosmos-web-dr1-catalog/toni/groups.txt,"text table, header line 1",SN_NOCL,text decimal,1,galaxy_groups,sn_nocl,double precision,source_native
toni_groups,/mnt/nvme01/cosmos-web-dr1-catalog/toni/groups.txt,"text table, header line 1",AMP,text decimal,1,galaxy_groups,amp,double precision,source_native
toni_groups,/mnt/nvme01/cosmos-web-dr1-catalog/toni/groups.txt,"text table, header line 1",MSKFRC,text decimal,1,galaxy_groups,mskfrc,double precision,source_native
toni_groups,/mnt/nvme01/cosmos-web-dr1-catalog/toni/groups.txt,"text table, header line 1",LAMBDA,text decimal,1,galaxy_groups,lambda,double precision,source_native
toni_groups,/mnt/nvme01/cosmos-web-dr1-catalog/toni/groups.txt,"text table, header line 1",LAMBDA_STAR,text decimal,1,galaxy_groups,lambda_star,double precision,source_native
toni_groups,/mnt/nvme01/cosmos-web-dr1-catalog/toni/groups.txt,"text table, header line 1",DETECTION_FLAG,text integer,1,galaxy_groups,detection_flag,bigint,source_native
toni_groups,/mnt/nvme01/cosmos-web-dr1-catalog/toni/groups.txt,"text table, header line 1",N_SPEC,text integer,1,galaxy_groups,n_spec,bigint,source_native
toni_groups,/mnt/nvme01/cosmos-web-dr1-catalog/toni/groups.txt,"text table, header line 1",ZPHYS_SIGM,text decimal,1,galaxy_groups,zphys_sigm,double precision,source_native
toni_groups,/mnt/nvme01/cosmos-web-dr1-catalog/toni/groups.txt,"text table, header line 1",ZPHYS_SIGP,text decimal,1,galaxy_groups,zphys_sigp,double precision,source_native
toni_memberships,/mnt/nvme01/cosmos-web-dr1-catalog/toni/memberships.txt,"text table, header line 1",GALID,text integer,1,galaxy_group_memberships,galid,bigint,source_native
toni_memberships,/mnt/nvme01/cosmos-web-dr1-catalog/toni/memberships.txt,"text table, header line 1",FIELD_PROB,text decimal,1,galaxy_group_memberships,field_prob,double precision,source_native
toni_memberships,/mnt/nvme01/cosmos-web-dr1-catalog/toni/memberships.txt,"text table, header line 1",ID,text integer,1,galaxy_group_memberships,id,bigint,source_native
toni_memberships,/mnt/nvme01/cosmos-web-dr1-catalog/toni/memberships.txt,"text table, header line 1",ASSOC_PROB,text decimal,1,galaxy_group_memberships,assoc_prob,double precision,source_native
specz_compilation,/opt/agents/repos/reference-files/speczcompilation/specz_compilation/specz_compilation_COSMOS_DR1.1_unique.fits,HDU 1,Id_specz,K,1,specz_compilation,id_specz,bigint,source_native
specz_compilation,/opt/agents/repos/reference-files/speczcompilation/specz_compilation/specz_compilation_COSMOS_DR1.1_unique.fits,HDU 1,Id_original,20A,20,specz_compilation,id_original,text,source_native
specz_compilation,/opt/agents/repos/reference-files/speczcompilation/specz_compilation/specz_compilation_COSMOS_DR1.1_unique.fits,HDU 1,ra_original,D,1,specz_compilation,ra_original,double precision,source_native
specz_compilation,/opt/agents/repos/reference-files/speczcompilation/specz_compilation/specz_compilation_COSMOS_DR1.1_unique.fits,HDU 1,dec_original,D,1,specz_compilation,dec_original,double precision,source_native
specz_compilation,/opt/agents/repos/reference-files/speczcompilation/specz_compilation/specz_compilation_COSMOS_DR1.1_unique.fits,HDU 1,ra_corrected,D,1,specz_compilation,ra_corrected,double precision,source_native
specz_compilation,/opt/agents/repos/reference-files/speczcompilation/specz_compilation/specz_compilation_COSMOS_DR1.1_unique.fits,HDU 1,dec_corrected,D,1,specz_compilation,dec_corrected,double precision,source_native
specz_compilation,/opt/agents/repos/reference-files/speczcompilation/specz_compilation/specz_compilation_COSMOS_DR1.1_unique.fits,HDU 1,Priority,K,1,specz_compilation,priority,bigint,source_native
specz_compilation,/opt/agents/repos/reference-files/speczcompilation/specz_compilation/specz_compilation_COSMOS_DR1.1_unique.fits,HDU 1,specz,D,1,specz_compilation,specz,double precision,source_native
specz_compilation,/opt/agents/repos/reference-files/speczcompilation/specz_compilation/specz_compilation_COSMOS_DR1.1_unique.fits,HDU 1,flag,K,1,specz_compilation,flag,bigint,source_native
specz_compilation,/opt/agents/repos/reference-files/speczcompilation/specz_compilation/specz_compilation_COSMOS_DR1.1_unique.fits,HDU 1,Confidence_level,K,1,specz_compilation,confidence_level,bigint,source_native
specz_compilation,/opt/agents/repos/reference-files/speczcompilation/specz_compilation/specz_compilation_COSMOS_DR1.1_unique.fits,HDU 1,survey,K,1,specz_compilation,survey,bigint,source_native
specz_compilation,/opt/agents/repos/reference-files/speczcompilation/specz_compilation/specz_compilation_COSMOS_DR1.1_unique.fits,HDU 1,compilation_year,K,1,specz_compilation,compilation_year,bigint,source_native
specz_compilation,/opt/agents/repos/reference-files/speczcompilation/specz_compilation/specz_compilation_COSMOS_DR1.1_unique.fits,HDU 1,public_or_private,K,1,specz_compilation,public_or_private,bigint,source_native
specz_compilation,/opt/agents/repos/reference-files/speczcompilation/specz_compilation/specz_compilation_COSMOS_DR1.1_unique.fits,HDU 1,Id_COS20_Classic,K,1,specz_compilation,id_cos20_classic,bigint,source_native
specz_compilation,/opt/agents/repos/reference-files/speczcompilation/specz_compilation/specz_compilation_COSMOS_DR1.1_unique.fits,HDU 1,ra_COS20_Classic,D,1,specz_compilation,ra_cos20_classic,double precision,source_native
specz_compilation,/opt/agents/repos/reference-files/speczcompilation/specz_compilation/specz_compilation_COSMOS_DR1.1_unique.fits,HDU 1,dec_COS20_Classic,D,1,specz_compilation,dec_cos20_classic,double precision,source_native
specz_compilation,/opt/agents/repos/reference-files/speczcompilation/specz_compilation/specz_compilation_COSMOS_DR1.1_unique.fits,HDU 1,Id_COS20_Farmer,K,1,specz_compilation,id_cos20_farmer,bigint,source_native
specz_compilation,/opt/agents/repos/reference-files/speczcompilation/specz_compilation/specz_compilation_COSMOS_DR1.1_unique.fits,HDU 1,ra_COS20_Farmer,D,1,specz_compilation,ra_cos20_farmer,double precision,source_native
specz_compilation,/opt/agents/repos/reference-files/speczcompilation/specz_compilation/specz_compilation_COSMOS_DR1.1_unique.fits,HDU 1,dec_COS20_Farmer,D,1,specz_compilation,dec_cos20_farmer,double precision,source_native
specz_compilation,/opt/agents/repos/reference-files/speczcompilation/specz_compilation/specz_compilation_COSMOS_DR1.1_unique.fits,HDU 1,Id_COSMOS25,K,1,specz_compilation,id_cosmos25,bigint,source_native
specz_compilation,/opt/agents/repos/reference-files/speczcompilation/specz_compilation/specz_compilation_COSMOS_DR1.1_unique.fits,HDU 1,ra_COSMOS25,D,1,specz_compilation,ra_cosmos25,double precision,source_native
specz_compilation,/opt/agents/repos/reference-files/speczcompilation/specz_compilation/specz_compilation_COSMOS_DR1.1_unique.fits,HDU 1,dec_COSMOS25,D,1,specz_compilation,dec_cosmos25,double precision,source_native
specz_compilation,/opt/agents/repos/reference-files/speczcompilation/specz_compilation/specz_compilation_COSMOS_DR1.1_unique.fits,HDU 1,Id_COSMOS15,K,1,specz_compilation,id_cosmos15,bigint,source_native
specz_compilation,/opt/agents/repos/reference-files/speczcompilation/specz_compilation/specz_compilation_COSMOS_DR1.1_unique.fits,HDU 1,ra_COSMOS15,D,1,specz_compilation,ra_cosmos15,double precision,source_native
specz_compilation,/opt/agents/repos/reference-files/speczcompilation/specz_compilation/specz_compilation_COSMOS_DR1.1_unique.fits,HDU 1,dec_COSMOS15,D,1,specz_compilation,dec_cosmos15,double precision,source_native
specz_compilation,/opt/agents/repos/reference-files/speczcompilation/specz_compilation/specz_compilation_COSMOS_DR1.1_unique.fits,HDU 1,Id_COSMOS09,K,1,specz_compilation,id_cosmos09,bigint,source_native
specz_compilation,/opt/agents/repos/reference-files/speczcompilation/specz_compilation/specz_compilation_COSMOS_DR1.1_unique.fits,HDU 1,ra_COSMOS09,D,1,specz_compilation,ra_cosmos09,double precision,source_native
specz_compilation,/opt/agents/repos/reference-files/speczcompilation/specz_compilation/specz_compilation_COSMOS_DR1.1_unique.fits,HDU 1,dec_COSMOS09,D,1,specz_compilation,dec_cosmos09,double precision,source_native
specz_compilation,/opt/agents/repos/reference-files/speczcompilation/specz_compilation/specz_compilation_COSMOS_DR1.1_unique.fits,HDU 1,photoz,D,1,specz_compilation,photoz,double precision,source_native
specz_compilation,/opt/agents/repos/reference-files/speczcompilation/specz_compilation/specz_compilation_COSMOS_DR1.1_unique.fits,HDU 1,photoz_type,K,1,specz_compilation,photoz_type,bigint,source_native
specz_compilation,/opt/agents/repos/reference-files/speczcompilation/specz_compilation/specz_compilation_COSMOS_DR1.1_unique.fits,HDU 1,GroupID,K,1,specz_compilation,groupid,bigint,source_native
specz_compilation,/opt/agents/repos/reference-files/speczcompilation/specz_compilation/specz_compilation_COSMOS_DR1.1_unique.fits,HDU 1,GroupSize,K,1,specz_compilation,groupsize,bigint,source_native
